date,open,high,low,close,volume,return
2022-01-03,4017.461874651153,4017.461874651153,3979.764184846718,4009.9342830602245,71816,
2022-01-04,4000.791597194288,4050.947577017967,3997.8286560283136,4007.168997036801,58785,-0.0006896088135671663
2022-01-05,4014.8127982487968,4045.1293942909265,4008.9531120296983,4020.122767798815,10507,0.0032326489777678713
2022-01-06,4044.3519596627275,4069.1382643374723,3997.0490352000647,4050.5833649269753,76972,0.007577031570316528
2022-01-11,4040.345526240906,4061.178454425687,4032.2411009252946,4045.9002974325085,37151,-0.0011561464294295165
2022-01-12,4034.84368702046,4049.809193932317,4008.6652082784403,4041.217558293525,21618,-0.0011574034935945
2022-01-17,4084.6919799147486,4084.814416589144,4056.5063345202543,4072.801814603673,84286,0.007815529813615107
2022-01-21,4102.355551666629,4102.934251789685,4062.722843278143,4088.150509186731,26122,0.0037685837125742694
2022-01-24,4073.0535585305374,4096.4554508392675,4031.992166010634,4078.761021468032,17354,-0.0022967568580459785
2022-01-25,4081.288666608709,4116.806219178876,4052.892556094992,4089.612222339751,40979,0.0026604159485208445
2022-01-28,4085.058024047366,4093.5402416220722,4037.745380780721,4080.343868483502,96436,-0.0022663160594103005
2022-01-31,4065.507042969287,4080.8544265044675,4028.609969904661,4071.0292734120967,89376,-0.0022827965905890535
2022-02-01,4082.1978370209727,4094.319992867472,4063.076235295999,4075.8685188434174,62774,0.0011887031770874135
2022-02-02,4039.6321441587747,4080.600552648166,4015.2370593127343,4037.6029139502616,15037,-0.009388331521551163
2022-02-03,3987.9471161500287,4010.7572322276524,3987.4119755775523,4003.104557300001,38633,-0.008544266829971225
2022-02-04,4007.333858728482,4016.349392808594,3934.143851934844,3991.8588067151813,34495,-0.0028092572711627684
2022-02-07,3989.5609610394486,3998.743797694233,3966.5346741765497,3971.602184308493,74550,-0.005074483689806897
2022-02-08,3971.7592440555545,3985.2947542394704,3966.3307075035364,3977.8871309603983,91384,0.0015824713453771455
2022-02-09,3955.8496338506143,4008.1800403702546,3936.2412466592173,3959.726649449974,46483,-0.004565358672215414
2022-02-10,3934.3392293305174,3953.429008966277,3906.2026563774175,3931.4805754232684,83373,-0.007133339375996917
2022-02-14,3964.1381187015695,3976.500114520778,3954.0798075736325,3960.7935508016994,44069,0.007455963425502921
2022-02-16,3962.863467518697,3963.088690438052,3932.769532270777,3956.2780247919686,17370,-0.0011400558882491696
2022-02-17,3969.2681954971076,3969.2681954971076,3947.520913772241,3957.6285888857274,81947,0.0003413723922573997
2022-02-21,3927.3641528865173,3937.9436187570395,3906.2266987141975,3929.133625161458,49133,-0.007200009572472799
2022-02-22,3910.2629982255703,3937.4350070137352,3905.0839538877503,3918.2459706709546,10692,-0.002771006417491284
2022-02-23,3906.6712301850066,3934.1741498765487,3895.5481145693475,3920.464422465152,38926,0.0005661849232547755
2022-02-24,3890.1352505172867,3912.7066668802277,3879.4218260802327,3897.444550916706,83984,-0.005871720558548343
2022-02-25,3904.6272415548815,3915.149444835298,3882.789488950486,3904.9585112836194,53390,0.0019279197609485266
2022-02-28,3910.891316120421,3912.7219471029935,3883.253326086095,3892.945737485243,59593,-0.0030762871778700074
2022-03-01,3881.935749499016,3904.4192121696387,3881.3471025901767,3887.1118624893775,85609,-0.0014985759857095715
2022-03-02,3877.3156097611786,3898.7865042856815,3841.1059019521185,3875.0777302447896,15209,-0.0030959058216762925
2022-03-04,3911.959064974241,3938.842936258469,3901.1297609748326,3912.1232939349684,16533,0.009559953701325785
2022-03-07,3923.7372821746903,3927.5726183424904,3905.8492570993744,3911.8533494402095,96597,-6.900204172433089e-05
2022-03-08,3911.860286826715,3911.860286826715,3833.283269040492,3890.699130861092,17211,-0.005407722807948545
2022-03-09,3901.841341373952,3919.495775371182,3879.9106885876718,3907.1500291031552,19927,0.004228262759146562
2022-03-10,3877.8387616785526,3924.4968296396373,3848.4496113286864,3882.733156103735,87463,-0.006249279607270397
2022-03-14,3896.3797476512673,3896.3797476512673,3861.973252534514,3886.91042800383,34594,0.0010758586109704815
2022-03-17,3854.535940422498,3859.7033614485986,3837.104297436432,3847.7170255262345,84852,-0.010083433411591014
2022-03-18,3826.541696666021,3826.541696666021,3780.9808948643636,3821.153304548266,87713,-0.00690376158167072
2022-03-24,3830.929811118908,3836.154124922334,3812.6484198135113,3825.0905292656485,86382,0.0010303760157164277
2022-03-28,3836.266939957686,3860.8586989043974,3827.076676952198,3839.8598608655566,17933,0.0038611717780032695
2022-03-29,3849.193774796279,3880.6134386580875,3837.224813429005,3843.287226489356,50696,0.0008925757053608319
2022-03-31,3852.0612966474205,3867.047909224518,3811.5028831932186,3840.9742608415913,75449,-0.0006018196172855594
2022-04-01,3843.157008741779,3861.3082453613893,3808.022802253588,3834.9521869298055,77616,-0.0015678506292480243
2022-04-05,3810.45448743353,3829.3878989619284,3787.868201372533,3805.381747122457,16089,-0.0077107714427652185
2022-04-06,3801.6516098504544,3830.1971304062013,3759.5999190625876,3790.9848629545627,66548,-0.003783295638809636
2022-04-12,3788.8610719061166,3788.8610719061166,3772.712474787454,3781.772087535367,36123,-0.00243017995382222
2022-04-13,3811.2909665235456,3811.2909665235456,3781.9137607717926,3802.9145320597454,17797,0.005590618375460377
2022-04-14,3816.187941113378,3816.187941113378,3803.5164063588077,3809.7868978511146,60013,0.0018071312761391845
2022-04-18,3772.8549139406914,3802.763660796024,3744.7773320501774,3774.52609474386,18346,-0.009255321636793656
2022-04-19,3782.474910996089,3804.5548368155673,3766.8617410300203,3781.007774131756,95414,0.0017172167379957415
2022-04-20,3783.073508178125,3783.073508178125,3767.449660897198,3773.3061285234294,43672,-0.002036929323715797
2022-04-21,3753.6072338211425,3784.271641112959,3753.6072338211425,3759.7676885173105,27653,-0.0035879516649280907
2022-04-22,3775.6879473828567,3787.0230976929247,3750.0325966500222,3772.0012142941277,59556,0.003253798316895873
2022-04-25,3788.687816620773,3801.412837076022,3742.6834180643546,3792.6212047440467,36140,0.005466591678650268
2022-04-27,3811.534255355719,3836.2677289777134,3794.1128012310646,3811.2468071263706,11184,0.004911010453410469
2022-04-29,3807.2469752879906,3853.5271025219026,3785.2367828163283,3794.4624566619177,44493,-0.004403900170691921
2022-05-02,3790.1891998250926,3806.8357155355116,3759.276630016356,3788.2782091448935,54148,-0.001629808592826243
2022-05-04,3795.367843254526,3812.984991435513,3780.0654288228407,3794.903477772965,34846,0.001748886502601188
2022-05-06,3800.815818905613,3856.027038252541,3771.8833261945747,3814.414380315412,32195,0.005141343556357647
2022-05-09,3812.2934312187786,3820.0549475490056,3787.4366666391834,3804.830895558506,15606,-0.002512439342291173
2022-05-10,3807.572557836641,3833.590886928489,3783.4104682487173,3801.11771602523,13956,-0.0009759118434436997
2022-05-11,3786.739986837663,3786.739986837663,3750.197683363302,3778.9910165451092,26555,-0.005821103457763543
2022-05-12,3751.9891017139657,3779.1243750075546,3737.5799762692313,3755.0668840634958,28690,-0.006330825444376353
2022-05-16,3773.508903788019,3808.5629656711526,3762.626893358263,3771.3174005113797,68502,0.0043276237014182595
2022-05-17,3800.936037919904,3829.740490154477,3781.347307792032,3798.442201082796,58849,0.007192393980877565
2022-05-18,3812.7765314488247,3834.8012892386178,3747.890677509208,3797.0019986511898,36347,-0.0003791560738231059
2022-05-23,3816.1197012851608,3836.915206430468,3794.1313326712875,3817.07265660903,59056,0.005285922410620314
2022-05-25,3827.095592367686,3830.8140498880143,3793.807876284408,3824.3053771099826,73851,0.0018948343800659906
2022-05-27,3817.481947115046,3848.4422982558235,3793.3725421910904,3811.4029820178803,91502,-0.0033737878699040547
2022-06-01,3820.496985359612,3828.5521438906476,3790.877180719552,3818.6308941280486,91418,0.0018963914716625396
2022-06-02,3844.9272893118628,3871.2565573636916,3840.3617947784173,3849.391625457368,80211,0.008055434573847053
2022-06-06,3850.616004604152,3897.093959025125,3843.5446783705797,3848.6751046751688,51850,-0.00018613870759742746
2022-06-07,3888.4856940400955,3888.4856940400955,3862.9920900002107,3879.967977791449,88545,0.00813081703837959
2022-06-09,3817.307922715544,3835.037171845344,3809.206265935293,3827.5730757096544,37843,-0.01350395219282674
2022-06-13,3845.3408225386274,3860.040833317968,3824.3276498215887,3844.0111257971585,72320,0.004294640432033203
2022-06-14,3839.112156033651,3851.6241160893715,3839.112156033651,3845.7520671619222,39793,0.0004528970670976129
2022-06-15,3851.722386441853,3878.67294096122,3825.6263120603,3839.7719201526047,49516,-0.0015550006617380818
2022-06-20,3826.375266635477,3859.060122918004,3807.4906892403797,3841.607135683315,27857,0.0004779490992885549
2022-06-21,3796.266538918581,3810.7479064960417,3782.765626594802,3801.8557573912967,29627,-0.010347590705666376
2022-06-22,3801.234438385192,3817.3117313485072,3776.681185887036,3797.4623196345465,71822,-0.0011556034834327988
2022-06-23,3820.2598113571253,3836.005021289196,3797.9280385061948,3804.604571064782,94101,0.001880795865519591
2022-06-27,3833.5049493488823,3851.397833777718,3800.953269055542,3834.162451959612,62248,0.007768975814103518
2022-06-28,3818.245052327207,3829.537783535107,3810.601791674949,3823.797047594139,65798,-0.002703433799518762
2022-06-29,3821.21322002662,3821.21322002662,3785.4054173328036,3807.627175536275,54116,-0.004228747461384685
2022-06-30,3783.111895660422,3816.4404542620614,3764.5246352620807,3797.5920346645844,85318,-0.002635536624007062
2022-07-01,3796.9420115678454,3849.0264262920623,3796.9420115678454,3815.900077018626,97902,0.0048209608054063935
2022-07-04,3826.875243712353,3829.1372106643935,3808.61421878925,3822.4750992118197,38557,0.0017230593203403366
2022-07-05,3806.8593528929528,3846.974302617099,3797.290035788494,3811.879895136479,81334,-0.0027718176836588615
2022-07-08,3811.932915627439,3842.3463630725378,3811.2137328959307,3822.145243798746,85163,0.002692988484596315
2022-07-11,3830.735589844397,3830.735589844397,3809.8230988803552,3824.086794785707,88002,0.0005079741514562031
2022-07-12,3845.8977017340762,3877.610724585663,3834.5138492837405,3843.4596945963644,52614,0.005066019902339347
2022-07-13,3823.7778464114504,3840.6028142598147,3818.19245924996,3829.4186327188177,22720,-0.003653235104113972
2022-07-14,3810.0623458001533,3842.908517898674,3783.8662422953344,3822.865389786862,67608,-0.001711289247919856
2022-07-15,3823.7478000070205,3826.4067169326026,3788.5923636795214,3815.023226724219,82095,-0.0020513835207470743
2022-07-18,3792.2549395411634,3817.5619366820397,3776.940215936276,3785.7529277615768,94694,-0.007672377656210316
2022-07-19,3790.6835746650745,3834.178782695783,3767.8491216875186,3791.6753333028682,97593,0.0015643930426261221
2022-07-20,3804.196960329414,3804.196960329414,3771.245960675915,3796.8964387464657,45892,0.0013769916948689342
2022-07-21,3786.297860216054,3805.201363790648,3784.040166880379,3796.998707879315,87242,2.6934928170740946e-05
2022-07-27,3777.051713502565,3810.7337667408215,3751.12083821715,3792.306965211812,87606,-0.0012356450524376728
2022-07-28,3757.080469671991,3773.2634829355575,3754.638632462956,3763.9995503708037,10924,-0.007464431308088271
2022-08-01,3755.1307837519416,3775.626030550273,3733.633965343115,3755.5866439154966,61322,-0.0022350976249395638
2022-08-02,3751.1657480781882,3760.113432298294,3730.6905758131,3748.7323535849614,36478,-0.0018250917846989179
2022-08-03,3730.2744476219655,3753.607325336599,3705.8941474536814,3732.686808200529,81042,-0.0042802589971748795
2022-08-04,3732.9816479323517,3755.981236739181,3708.7658558046546,3729.461093967209,56418,-0.0008641802538142951
2022-08-05,3725.1319491316985,3742.968344076938,3725.1319491316985,3737.5421111034993,72217,0.0021668055873709235
2022-08-08,3789.7034751684428,3818.2896428427703,3742.1544887441373,3775.2658291277103,90846,0.010093188759570326
2022-08-11,3777.935873600421,3784.970601660639,3773.445018705355,3778.757385384347,83762,0.00092485043826529
2022-08-12,3795.0813515146833,3803.076528537011,3760.8628497230693,3783.908393198802,21781,0.0013631485933387477
2022-08-15,3785.846728347256,3817.6937627357356,3759.2643512805403,3782.419474883479,15515,-0.0003934868819761572
2022-08-18,3748.611582769036,3785.1068441026173,3708.6583721046627,3744.044050577498,46133,-0.010145734644400606
2022-08-19,3749.2114458708356,3780.1964919286233,3728.297931297962,3743.5137730685137,92508,-0.00014163228365404734
2022-08-23,3749.1954628675076,3755.060910287564,3719.106765554853,3744.7183772673343,86946,0.0003217843640610507
2022-08-24,3800.4104471157157,3809.157719981639,3775.8265284399977,3793.98321951704,95058,0.013155820354548542
2022-08-25,3803.4275255227417,3826.75981426206,3768.045495680085,3790.1360002214174,19095,-0.001014031711008112
2022-08-26,3798.1321587651046,3819.0677133496124,3769.3282690601836,3796.16694706809,98583,0.0015912217520215322
2022-08-29,3802.56274924987,3810.133932707654,3772.6677616572547,3795.472711673985,30470,-0.0001828779934562874
2022-08-30,3771.201793978722,3780.035011161305,3763.6623641257233,3772.099150921594,53129,-0.006158273956363702
2022-08-31,3809.3567793663897,3832.2000197770035,3778.890582812199,3794.955607211895,18531,0.0060593466332179435
2022-09-01,3803.2303448450375,3832.931054182941,3781.482375753133,3809.9942678656303,47038,0.00396280278619221
2022-09-02,3836.1855197646078,3836.1855197646078,3802.9135099609593,3825.8149068064913,97939,0.004152404919423702
2022-09-05,3807.225578204153,3830.451002218902,3790.6825933455284,3807.6271577105963,52674,-0.00475395426567482
2022-09-06,3821.3752929081375,3883.719351955904,3811.716083844834,3835.683043929318,92476,0.0073683386152731956
2022-09-07,3808.9270668225804,3827.029089058321,3793.38189683149,3807.6460226734725,39831,-0.00730952504019311
2022-09-08,3812.572647974729,3828.605769326032,3787.040408420273,3819.383164549478,67174,0.003082519174869125
2022-09-09,3871.598712555565,3887.9358676087013,3841.228792812344,3863.1922770656774,21279,0.01147020621623529
2022-09-12,3836.85531077004,3851.0066899049098,3813.7310842676934,3843.3815505630637,48220,-0.005128071574439286
2022-09-13,3827.593761638861,3838.592633630184,3816.009597217418,3832.0555959710086,70610,-0.0029468722902090683
2022-09-15,3816.5360045998414,3843.545742908923,3816.5360045998414,3834.0486232727612,62719,0.0005200935246993943
2022-09-19,3819.456046997947,3841.9791618069066,3805.043673821846,3823.9791101904375,63051,-0.002626339431691549
2022-09-23,3776.3253102274202,3801.3389350084494,3776.3253102274202,3792.9658415691147,82013,-0.008110208693001497
2022-09-26,3784.128255798564,3808.1759140566237,3784.128255798564,3794.3371010652354,66652,0.00036152698268265837
2022-09-27,3780.695173352156,3799.8990083395697,3757.314189666858,3773.091026790713,75524,-0.00559941663289687
2022-09-29,3790.420876989925,3815.781522998342,3757.3917817218926,3782.562875403417,92936,0.002510368434116561
2022-09-30,3768.4289663365903,3771.146153364426,3719.921876885289,3764.1743907187406,16470,-0.004861382425193739
2022-10-04,3785.5033173877996,3800.5500712779885,3783.1800778730976,3795.1730788190916,77598,0.008235189149786493
2022-10-05,3779.030899410947,3798.6723014374975,3743.211957545125,3779.5080129723665,51798,-0.00412762883836626
2022-10-06,3773.0307572573474,3782.731105273523,3766.159898659427,3773.066782648253,63473,-0.0017042510035711889
2022-10-07,3779.0681626740015,3813.3998596739116,3779.0681626740015,3789.3371269956465,29880,0.004312233332899984
2022-10-11,3775.462323971004,3775.462323971004,3746.136985158204,3764.7198406669677,54439,-0.006496462442811546
2022-10-12,3778.042662264807,3786.517786851859,3758.2281293692527,3769.26903935905,24308,0.0012083764223147497
2022-10-13,3793.202252706402,3807.6419649488207,3783.8229387177566,3795.4118944446986,45081,0.006935789091376154
2022-10-14,3763.5310881434193,3791.136753899887,3743.624815667708,3763.262229753474,85242,-0.00847066552599518
2022-10-17,3769.038735003596,3774.1261010396506,3755.253746342438,3766.95490692412,60383,0.000981243651173358
2022-10-18,3760.829443665433,3777.817162621978,3760.829443665433,3772.1525628090885,19837,0.001379803054030182
2022-10-20,3785.3172464194286,3796.9513573900854,3773.403668448464,3787.7890202446347,62151,0.004145234630675176
2022-10-24,3756.2301635470953,3770.620756255852,3727.338563562931,3763.0500060270733,46824,-0.006531254535386832
2022-10-25,3726.624673666439,3779.2778546753407,3716.5051001656484,3736.640873765388,43073,-0.007018012574743215
2022-10-26,3744.268702148866,3763.0542032325448,3729.8303291974535,3747.0797050777255,36299,0.0027936405089468153
2022-10-28,3759.8762965652118,3759.8762965652118,3727.6857359708592,3753.0193985423894,68861,0.0015851526874688382
2022-10-31,3764.437684161977,3766.226383389255,3748.147646075823,3758.029255549307,40063,0.001334887053571654
2022-11-01,3759.2464298414184,3790.5117225577656,3759.1720739866937,3764.9582197392465,79453,0.0018437760109790702
2022-11-02,3757.083553121238,3781.6718821249706,3743.667789619642,3751.3577253076764,78472,-0.003612389205347455
2022-11-03,3769.9963536167566,3778.3262962151866,3744.325599919526,3756.0027992508967,24506,0.0012382380682820493
2022-11-04,3771.110585545998,3786.2533927274053,3728.2369130802467,3761.8642487168704,89854,0.0015605551378030658
2022-11-07,3748.1735240555445,3761.1211075937767,3720.941885802886,3747.577220356343,36026,-0.0037978585658429154
2022-11-09,3778.4233428021826,3802.8172567761144,3753.64832671061,3784.892710579238,37672,0.009957230506206116
2022-11-11,3801.35160213361,3834.875586849664,3776.927969191353,3794.369368997474,48417,0.002503811638239428
2022-11-14,3774.4781529076386,3799.4160356885504,3738.9646326627126,3770.543299053421,62413,-0.0062793227614390545
2022-11-15,3792.626303426375,3807.0574546982975,3770.938200812314,3783.6743712260977,75066,0.0034825411435994713
2022-11-17,3770.532455838371,3789.192384182411,3737.361129317832,3764.1807378215512,69213,-0.0051520378055761595
2022-11-22,3790.4179570495935,3798.334834077933,3734.677020982385,3779.9224298964,60971,0.004181970306760263
2022-11-23,3797.7419893609426,3835.943647477835,3777.6201505544086,3803.0943414765484,37281,0.0061302611389260075
2022-11-24,3796.681625401493,3796.681625401493,3776.6945231966797,3786.680695109514,38091,-0.004315866211370811
2022-11-25,3807.9242137413244,3816.7220902799972,3780.046448212705,3805.9482176944002,60494,0.005088235353398085
2022-11-28,3824.4102730085547,3824.4102730085547,3806.3060795711926,3814.2038362331305,28610,0.0021691358017823514
2022-11-29,3825.1669785673207,3838.331214262431,3825.1669785673207,3830.64503943302,11079,0.004310520335516932
2022-11-30,3885.940537117752,3889.7970645492946,3856.5526143718243,3868.580899086099,56751,0.009903256308680053
2022-12-02,3865.6522446006684,3884.542911177086,3827.4048695894,3863.673136766042,96126,-0.0012686208323100523
2022-12-05,3842.0842334427475,3888.5690529436556,3827.229840160052,3848.598413478892,65432,-0.003901655951095262
2022-12-06,3825.9692665458383,3861.8949297439444,3795.160770392819,3830.8081248863814,40951,-0.00462253700729176
2022-12-07,3811.2884461051294,3852.7417589477864,3799.494636712265,3814.4919191870727,90863,-0.0042592072396715475
2022-12-08,3817.1915444628094,3838.6008090856235,3779.9637615027514,3812.9498849987904,88291,-0.00040425677153121953
2022-12-12,3825.001279375478,3847.307027231675,3807.419938635295,3819.7729244951233,69872,0.001789438545514832
2022-12-15,3819.569740442338,3852.1260690860277,3778.3062103286916,3825.306740481724,17235,0.0014487290464608726
2022-12-16,3841.6068595398347,3855.066691221536,3824.340245125824,3841.8504054624445,92733,0.004324794350645256
2022-12-19,3863.533146886121,3869.224536669721,3819.4058136402223,3842.1104433000023,72712,6.768557078329351e-05
2022-12-20,3880.479545448923,3880.479545448923,3854.3340057301075,3871.1811248431486,31473,0.007566331570150631
2022-12-22,3870.25122487513,3877.0486738621044,3858.417034259278,3865.8879881783896,77567,-0.0013673182664563077
2022-12-23,3920.671406291864,3940.884582155569,3876.2082228351765,3920.291371510182,89823,0.0140726745053541
2022-12-26,3934.005031732665,3964.0108933878746,3917.6897843802435,3932.8047184654824,42230,0.0031919430903115664
2022-12-27,3921.7967470644608,3948.5752435529557,3889.4834155960248,3915.6615673371566,94573,-0.004359014076603995
2022-12-29,3884.0157917239503,3910.4870779075004,3859.6104493266826,3894.2437173759345,78876,-0.005469790887925874
2023-01-02,3901.3194003065646,3913.077603155689,3859.641421870182,3903.893165680798,50644,0.0024778747826716963
2023-01-04,3894.349996537324,3938.0926738187,3894.349996537324,3899.423909974281,58664,-0.0011448201876543829
2023-01-05,3917.6961510821757,3934.8213211860466,3888.4746591479557,3913.703919856123,55203,0.0036620819412107597
2023-01-06,3929.6406317446213,3947.465705009543,3891.339154036976,3923.1686723475937,76677,0.0024183619111939336
2023-01-09,3916.880229471463,3959.0237505654213,3901.8624094436886,3921.7120940944565,35425,-0.000371275969703766
2023-01-10,3920.5160873659884,3934.4631971706863,3890.0701030257305,3904.776219733088,94817,-0.00431848997453721
2023-01-11,3862.2216186093474,3891.328560422429,3844.8617849762763,3874.479275239371,95961,-0.007758945145334817
2023-01-12,3850.9052273959323,3871.0770913372094,3826.8486906238604,3865.5489761980307,79806,-0.0023049030352055855
2023-01-13,3884.9214702700997,3893.280175260892,3866.419334881013,3882.6769520845,52814,0.004430929731309652
2023-01-16,3897.4298099932257,3908.150897365537,3864.362539897063,3886.958826967104,80219,0.0011028151286975874
2023-01-17,3875.525272282146,3875.525272282146,3817.3028291588753,3862.0440513928643,59646,-0.006409837789220996
2023-01-18,3860.9188272811984,3879.984456851306,3849.8882519536483,3865.5076699098877,49884,0.000896835580053601
2023-01-19,3878.50306292203,3878.50306292203,3861.511261881036,3873.2140175044647,79322,0.001993618497918126
2023-01-20,3855.151784085435,3871.462553740516,3843.6901120906496,3855.536868780442,31650,-0.004563948349906033
2023-01-23,3856.8850978999444,3863.7398162955715,3822.5281624850572,3858.6113708993526,19190,0.0007974251637445917
2023-01-25,3868.612144643139,3873.5032630788037,3837.696025737228,3859.7755452682723,48196,0.0003017081164742308
2023-01-27,3843.439368095794,3844.1083353901768,3823.618829304422,3836.91613931166,49449,-0.005922470280593339
2023-01-31,3829.8061159162635,3850.8391457027324,3829.8061159162635,3844.0718865186254,49661,0.001864973574389639
2023-02-01,3867.687797643633,3867.687797643633,3849.4172836731213,3855.2875770459905,39709,0.002917658893606845
2023-02-02,3887.1245231628377,3887.1245231628377,3860.7858116191255,3876.9486019094957,90428,0.005618523762656036
2023-02-03,3891.7690159350987,3934.9975863602886,3842.433441396308,3898.024642950194,85179,0.0054362446358762195
2023-02-06,3874.429290925426,3886.6896445498764,3859.539106409656,3870.471255591052,19943,-0.007068551351765873
2023-02-07,3856.655056655577,3862.6243611533328,3841.888316094414,3851.7147547927498,53240,-0.0048460509224057535
2023-02-09,3864.622197795162,3880.9545482271374,3833.9951784645327,3862.0154601369227,55760,0.002674316765371998
2023-02-10,3866.7881276167127,3883.967568950287,3859.5647127989355,3872.291179155167,31042,0.0026607141075194463
2023-02-13,3875.8758992019075,3911.054625633021,3873.5027084615654,3882.592132881288,53894,0.0026601702324380305
2023-02-14,3959.391221984468,3972.0396065383443,3919.5372487280724,3959.6467626943822,16869,0.01491746632944967
2023-02-15,3978.2106157883304,3978.2106157883304,3934.6041784039485,3971.0645729082457,71078,0.002883542623406621
2023-02-16,3999.211887257802,4007.7302242280634,3979.459774329495,3993.775885711858,66759,0.005719200075102071
2023-02-17,4009.1497776608608,4049.2734440230915,4004.839166750388,4012.8559209817217,54306,0.004777442654738007
2023-02-21,4033.600733114321,4053.419095386034,4019.40479469567,4025.8837460078375,65371,0.0032465219989579186
2023-02-22,4005.5451715918384,4048.456861243012,4005.5451715918384,4019.578361115031,30918,-0.0015662113688849066
2023-02-23,4042.61660742017,4042.61660742017,4025.8572458443336,4034.757745524896,38379,0.0037763623559896597
2023-02-28,4001.9041034463635,4058.9515412238466,3999.1355998563927,4019.3012412341445,93232,-0.003830838247449897
2023-03-02,4010.9404596853133,4064.1908720231972,3986.9525624005937,4014.5648690993444,12962,-0.001178406854955183
2023-03-03,3993.6608991965013,4022.6186201715777,3987.403373664757,4004.8575981427625,23851,-0.0024180132276102606
2023-03-06,3993.54826617328,4021.5119704293784,3988.904489246053,4006.495080930489,55747,0.0004088741603411883
2023-03-07,4064.3965201377446,4093.809406947014,4031.7019370707594,4052.7882522639593,62349,0.011554530929991591
2023-03-09,4010.765936399005,4031.296424406805,3992.535839796872,4015.442948412124,80832,-0.009214718738629668
2023-03-10,4032.6331910369217,4049.923827257779,4011.5365976363078,4029.1681522196145,66356,0.0034181045488188566
2023-03-13,3996.4446290070296,4014.3307867608437,3986.8505300350616,3996.9138347958215,24745,-0.008005205095752754
2023-03-16,3992.245605752264,3995.8380738517285,3966.0683172277836,3987.475197480033,15730,-0.0023614813093089104
2023-03-17,4010.0224283299826,4023.6960209733224,4003.581958125306,4009.25420941938,23921,0.005461855149120565
2023-03-21,3997.709887559404,4055.125806008805,3996.4449915584664,4010.5398098012893,81138,0.0003206582358605825
2023-03-24,3998.947582437175,4008.943119365054,3973.656321364952,3988.9849142427033,93111,-0.0053745621738769955
2023-03-27,3969.7412742258907,4001.1337005723,3965.7495083889416,3974.6788400575037,29023,-0.003586394657477787
2023-03-28,3979.1536064185907,3998.0557323184203,3979.1536064185907,3988.2707950361973,55349,0.0034196360324036945
2023-03-29,3969.3823107921958,4020.145115796854,3953.73189547105,3973.6634624018548,91533,-0.0036625729257208084
2023-03-30,3993.0002320998374,4001.3803260252225,3969.4571509311786,3977.9926341934943,93286,0.001089466139395423
2023-04-04,3987.406288412705,4034.509821446497,3942.9317050142954,3978.9040709915703,51979,0.00022911978022333024
2023-04-05,3962.3855426953755,3976.592148477056,3951.048989096612,3965.872064039454,32837,-0.0032752754827960473
2023-04-06,4005.2583687827764,4035.770138525932,3998.053435958567,4008.7509458259606,24997,0.010811967984371229
2023-04-10,4018.212975760147,4065.596275356733,4011.305731222413,4021.429326272321,98603,0.00316267600998299
2023-04-11,4001.693954374777,4010.517466428217,3971.0965256217532,3980.926474539169,55039,-0.010071755201202626
2023-04-13,3988.4749153568728,3999.5895452992877,3978.4202768373543,3984.655560834557,30923,0.0009367382992975237
2023-04-14,3975.7202480111005,3985.7260406747905,3956.8310011774684,3971.4198315391895,18876,-0.003321674632423055
2023-04-17,3995.5874653211963,3995.5874653211963,3965.9781567524633,3988.4684982351137,70973,0.004292839190793041
2023-04-18,3975.0059750567248,4030.5049504068,3954.6227789294944,3972.6180834664597,12887,-0.0039740604133310375
2023-04-19,3967.732933178915,4005.382761205025,3941.259337529339,3970.323354637122,73723,-0.0005776364052935135
2023-04-20,3978.4596017258814,3990.4978934466226,3954.582211971869,3980.423100216731,52422,0.0025438093267171613
2023-04-26,3997.022191505993,4012.092067535442,3982.994145676235,3997.7382041001333,61413,0.004350066173231415
2023-04-27,3973.3600535939195,4000.4480024578047,3961.693849602688,3973.732275959018,12841,-0.00600487748709877
2023-04-28,3974.0019143116165,3974.0019143116165,3946.6423299182497,3967.0422512421987,38756,-0.0016835620148074604
2023-05-01,3958.062803877053,3968.704355809062,3926.621011733982,3957.54334501898,81576,-0.0023944555216784957
2023-05-02,3951.8031611396614,3957.3097317159413,3930.354343818022,3944.4767603675054,20304,-0.003301690850188721
2023-05-03,3978.978679372042,3990.1683839980296,3971.1573127708484,3979.7858451731277,40341,0.008951525627021839
2023-05-04,3988.671831295507,3999.7493249022946,3970.984890075635,3987.8854793923465,14758,0.00203519348385095
2023-05-05,3946.5193392434794,3980.099238102767,3946.5193392434794,3962.667800305646,27010,-0.006323571531081984
2023-05-08,3990.188315993766,3993.4172459676142,3967.7650828038727,3981.0250392467415,70758,0.004632545513827857
2023-05-10,4026.933047945974,4036.010171065038,3999.9341970100477,4023.468163186994,41658,0.010661355686494955
2023-05-11,4049.7027246717166,4049.7027246717166,4038.4886849905215,4044.117468398017,59002,0.0051322153857100705
2023-05-12,3991.7614963951205,4041.25107409438,3991.7614963951205,4013.7300690789366,11375,-0.007513975436306386
2023-05-15,4010.0732620933813,4010.0732620933813,3987.5828313567877,4004.0453876216116,32092,-0.0024128880843119482
2023-05-17,4027.9877143237923,4069.8442599694818,3988.6662807666617,4029.383610605344,10490,0.006328155785162881
2023-05-19,4026.3120494603436,4045.4686513072484,4003.0376278439194,4015.2302212929685,13729,-0.003512544518006089
2023-05-22,4013.707550584638,4047.2212558731453,4013.0844630720585,4024.106609855893,15974,0.0022106798548817697
2023-05-23,4045.7270299751053,4057.674617697456,4030.9226005980295,4039.5992909244796,95216,0.0038499678489236633
2023-05-24,4010.526525861181,4037.973907373788,3962.200008213308,4021.060681492918,93860,-0.0045892198944611495
2023-05-26,4013.632484764724,4052.358936235098,4007.8741738803237,4019.870174371682,31398,-0.0002960679322038251
2023-05-29,3974.1851411089683,4002.7583118498746,3929.9637356334606,3955.0448275703006,44650,-0.014916715622397849
2023-05-30,3932.6502507359814,4002.3120454168147,3927.6477898018334,3934.557074743615,31292,-0.0051801569185429
2023-05-31,3931.680040447549,3955.626847897073,3888.9807850464226,3929.5057117157517,13159,-0.0012838454067138905
2023-06-01,3913.250725383342,3914.0148263590377,3897.938053090519,3904.5500480764545,72766,-0.006350840403385183
2023-06-05,3942.1550930348135,3943.296154167413,3915.5371530150724,3937.1982741550873,27065,0.0083615847348959
2023-06-06,3910.0996356473106,3919.3065280930277,3885.2876410846716,3908.595446595875,31638,-0.007264766864033656
2023-06-08,3903.444166886597,3915.2170054295216,3883.803751370024,3899.794556861935,11073,-0.0022516757884485372
2023-06-12,3920.3136801266583,3920.3136801266583,3895.0740500917523,3902.409368407657,56511,0.0006704998193101108
2023-06-13,3930.6586462186433,3947.3469235090483,3913.5236773608913,3931.234834188979,94307,0.007386581739650788
2023-06-15,3904.5285816325404,3909.3092047904956,3862.740564128324,3902.5175911653905,39320,-0.007304891270763614
2023-06-16,3934.727634614636,3934.727634614636,3914.356010886131,3925.7808662084894,79876,0.005961094216657248
2023-06-20,3934.0109931019515,3934.0109931019515,3884.334386559297,3925.985527428881,44924,5.213261447001294e-05
2023-06-21,3915.253520014976,3915.253520014976,3885.072319165557,3906.3553544079223,91720,-0.005000062502475533
2023-06-22,3921.9847261134796,3943.2728258305287,3900.95608934648,3915.5974238931876,50734,0.002365905978020333
2023-06-23,3908.148568677352,3936.4497522502743,3907.2039548583066,3919.578617804657,78116,0.0010167526128135318
2023-06-27,3923.908595584492,3971.382052954767,3894.698334297156,3907.5742802614814,50025,-0.0030626602279760773
2023-06-28,3897.5068680310947,3927.0883374918767,3865.4168703743694,3908.9703219612816,12159,0.0003572655564993976
2023-06-29,3904.2904046764365,3910.158773918422,3890.686382141031,3901.2640500240464,58940,-0.0019714327054212166
2023-07-03,3895.9916384288776,3908.908572057989,3881.631237505385,3903.534396929071,89436,0.0005819516125833424
2023-07-04,3916.1356269535627,3929.54737948127,3910.7990667500103,3916.7770104194924,86976,0.0033924674778937902
2023-07-05,3951.784970845434,3975.9796011421195,3915.393549806328,3948.4973467423993,24678,0.008098581113636039
2023-07-06,3926.954608920365,3947.6915660083196,3917.6929477543126,3923.741036765862,71075,-0.006269805397479011
2023-07-07,3970.6209118013403,3986.8592576154597,3927.319593933878,3966.4017042589876,57204,0.010872447262291418
2023-07-10,3940.5009940110285,3940.5009940110285,3897.422113957843,3927.3599482685377,22021,-0.009843116986493872
2023-07-12,3928.859589382966,3948.757381058652,3918.0841661805057,3924.324246367826,16772,-0.0007729624838818117
2023-07-13,3933.649024144611,3968.6829537932963,3912.061604956356,3936.0905904975175,77163,0.002998310891507483
2023-07-14,3951.351299535102,3959.2447723440177,3929.3802874448575,3941.7104278522183,83755,0.001427771344558959
2023-07-17,3941.1511423450524,3951.5043069034614,3890.1790057192716,3929.256437455806,33464,-0.00315953965273863
2023-07-18,3912.817914297291,3949.156493356182,3901.6046726860695,3925.0939924486606,61137,-0.0010593467424183656
2023-07-19,3921.2079744539824,3930.4956821574297,3878.97619838532,3915.233973755484,40232,-0.0025120465171397655
2023-07-21,3910.4584060397087,3922.9485943535597,3892.966816980014,3903.4466786166,71497,-0.0030106234309101865
2023-07-24,3917.4630855234204,3935.7622862993194,3910.57104096952,3920.43872055702,84024,0.004353086730633171
2023-07-25,3941.3360984094375,3945.40866218078,3916.5822663508234,3927.579030276321,61448,0.0018213037438541413
2023-07-27,3912.220282500783,3927.359289264587,3870.638106579648,3913.720838371108,94517,-0.003528431076341265
2023-07-28,3932.9686004144887,3952.7210263843267,3894.1936575725317,3931.712835879773,10901,0.004597159136202844
2023-08-02,3936.128108054467,3957.944652893577,3888.4832216283426,3937.8588262973053,97980,0.001563183954190528
2023-08-03,3954.2718591498992,3982.894336103577,3945.9351644660837,3954.1160686740845,93597,0.0041284472333573685
2023-08-04,3955.7961557376148,3985.874722456578,3955.7961557376148,3966.708645512557,12881,0.0031846755683868633
2023-08-07,3935.728236468173,3962.157709444947,3914.7958943056997,3950.1287452941156,39863,-0.004179762543739529
2023-08-08,3954.8701751224257,3965.328129256505,3904.3864359678105,3938.925124490176,15622,-0.0028362672526273114
2023-08-09,3945.401383109458,3959.4014217776225,3925.515405567283,3953.8709965926414,11378,0.0037944037091590666
2023-08-10,3956.742890626058,3988.7158949258646,3956.742890626058,3966.0784019013104,93168,0.003087456651769571
2023-08-11,3944.1264688859906,3973.921709300903,3938.714319469371,3965.6603700220276,81186,-0.00010540181935947412
2023-08-14,3961.6173002113082,3987.904970584332,3951.2295811534295,3968.0069176882034,55201,0.0005917167501066078
2023-08-15,3980.3293176698967,4012.0637811034594,3971.8149669829777,3993.5602156039718,69251,0.006439831997736567
2023-08-16,3989.6191612415655,3989.6191612415655,3964.5712826137387,3981.728787827255,82572,-0.0029626266133381263
2023-08-18,4002.768906344082,4013.519133870655,3976.888281387676,3992.6707354506557,49255,0.0027480394086236704
2023-08-21,3981.7453789502006,3999.7861129947587,3972.6615065034766,3988.626882401978,73212,-0.0010128190668898807
2023-08-22,4006.7976163908766,4027.1455516765095,3962.6065801018276,3984.2732583374336,60210,-0.001091509482562203
2023-08-24,4015.5146695246362,4015.5146695246362,3979.151539515927,4006.2487953771774,32499,0.00551556974506151
2023-08-28,4019.5088085218517,4027.7812318641827,4013.346293816661,4022.757122356938,61628,0.004120644478897484
2023-08-30,4014.033257928215,4060.3690876983146,4009.66813203084,4039.027315076951,71360,0.0040445376703428515
2023-09-01,4083.3218045886856,4083.3218045886856,4049.8729639297694,4065.1368912200373,14603,0.006464322745633355
2023-09-05,4051.6612433850564,4089.3083708052236,4046.1985902377405,4065.5569680526924,95473,0.000103336454317704
2023-09-06,4069.585534974987,4116.347224765971,4069.585534974987,4079.196027478592,22632,0.003354782513952159
2023-09-07,4083.2163966668195,4093.245187918047,4044.3961881795085,4072.990692346723,40607,-0.0015212152321359973
2023-09-08,4099.856866392238,4099.856866392238,4070.5918667774245,4079.4740193964917,75756,0.0015917853831464157
2023-09-15,4090.7138864942426,4100.669220331315,4061.2468724169858,4076.8711583091376,56994,-0.0006380384027397934
2023-09-18,4084.4501688095156,4100.400574447627,4064.1335445852314,4078.811077608992,73382,0.0004758353218743405
2023-09-21,4096.661761534383,4099.590740893187,4063.668375121002,4090.7142181177305,80354,0.0029182867954051783
2023-09-25,4082.883960040864,4084.6401012792735,4055.7226142442023,4074.349804453061,66344,-0.004000380567332651
2023-09-26,4123.786835864638,4161.274797254906,4103.025403812735,4116.197549966771,63775,0.010271024217894054
2023-09-27,4098.88911657647,4113.7855629409605,4084.9210329139987,4096.077202336776,17349,-0.0048880908619550745
2023-09-28,4072.8354411205405,4101.578597978091,4050.021714112077,4071.7934300810216,81154,-0.005928543593343605
2023-09-29,4094.329716272028,4101.15430015635,4072.222029105354,4094.955647551023,37464,0.005688455926788238
2023-10-02,4103.249255541615,4121.336440189446,4095.092554703364,4110.788901430282,52624,0.003866526341677945
2023-10-03,4120.464547002657,4155.484469688097,4093.6916877215435,4123.2712977713245,47344,0.0030364965558555834
2023-10-04,4118.908639814656,4167.014615938992,4118.092053016034,4135.83820795661,93791,0.0030478009516565763
2023-10-05,4134.609876231724,4200.983515616088,4121.4255384286425,4135.593272499672,34299,-5.922268827318611e-05
2023-10-06,4107.762273998446,4126.325175965029,4070.9076446979143,4117.648185069956,57975,-0.004339180922129149
2023-10-09,4108.128383061672,4160.174499864047,4102.471921620686,4119.16427623383,11462,0.0003681934676622589
2023-10-10,4107.419983515122,4135.399969062377,4099.99986334617,4105.621042003588,91441,-0.0032878597021200884
2023-10-11,4134.316624977435,4134.316624977435,4101.929768332306,4125.123436671943,91788,0.0047501692116322936
2023-10-12,4131.365455101923,4137.015012754541,4098.452161546108,4122.1822890419,50581,-0.0007129841507035328
2023-10-13,4089.967339069818,4126.814797038796,4087.316753976672,4105.67234510605,81289,-0.004005146492366163
2023-10-16,4089.348346907286,4123.715552267079,4088.400773706462,4099.24462827299,24175,-0.0015655698489241976
2023-10-17,4116.9109692383845,4122.030412745627,4098.756676990375,4107.503257358502,16191,0.002014670953899955
2023-10-18,4086.4038923670396,4111.338169485755,4046.464141635923,4096.228766302423,93434,-0.002744852614756099
2023-10-20,4077.5380268911235,4105.988556541071,4032.3703553383925,4079.784358391094,94518,-0.0040145238094631
2023-10-23,4090.158623611178,4144.851303399154,4067.5207990637887,4084.6581026209324,90158,0.0011946082934051194
2023-10-24,4079.87398949447,4102.405753386682,4075.4037023220358,4089.5574340431067,76537,0.0011994471260716733
2023-10-26,4080.472325597144,4094.5978430498344,4019.4684736811796,4079.4185705356845,57645,-0.0024792080001181382
2023-10-27,4056.657549474136,4075.509290667158,4055.0032009002853,4069.997804423318,33283,-0.0023093403997348494
2023-10-30,4068.6251267309585,4115.020321268253,4059.113846040122,4074.6388031704705,96971,0.001140295147606274
2023-10-31,4048.8749356819494,4064.5713789623055,4012.9103607763554,4045.677116340524,69123,-0.007107792427493487
2023-11-01,4004.8274046187357,4030.713489615255,4004.8274046187357,4017.527840852993,40024,-0.006957865068825231
2023-11-06,4007.5637038075483,4018.640724386636,3990.4991767331258,4003.1589564279443,59630,-0.0035765488116686894
2023-11-07,3998.6936354044406,4006.9371108343817,3991.064870591958,3998.8900133937072,40734,-0.0010663935858410412
2023-11-08,4010.633064249839,4026.5565633533115,3957.4968351095235,4005.1081647056676,10515,0.0015549693267715714
2023-11-09,4036.854430385305,4062.035902391148,4014.2511447120237,4034.6152890446583,76727,0.0073673726465159906
2023-11-13,4056.7726228070624,4056.7726228070624,4042.460551399573,4051.7684815086986,56216,0.004251506335837485
2023-11-14,4049.8219559359095,4053.7557173322025,4033.4043381159386,4048.5697109094303,81833,-0.0007894751671687628
2023-11-16,4043.895331340124,4059.747281081635,3964.6646326226496,4048.1893867513763,68755,-9.39403752957535e-05
2023-11-17,4029.361774488943,4036.2426131357997,3981.4565406686484,4028.1387994586203,37856,-0.0049529765969883455
2023-11-20,4033.2015170291365,4049.2705020321255,3988.2746037435504,4027.7685367387726,83870,-9.191905698424652e-05
2023-11-21,4022.4839646636265,4044.3379682745876,4011.2464135723626,4021.9953639603696,34162,-0.0014333427369879193
2023-11-22,4028.8556520791703,4046.6120649486365,4017.7031570790714,4028.4497351671316,16008,0.0016047684352391567
2023-11-23,4005.9948713900603,4022.9796368716184,4005.9948713900603,4011.905116296085,17987,-0.0041069443479999634
2023-11-24,4015.663037405399,4054.2094650503727,4008.8073199129476,4022.2920465809084,72532,0.0025890269046076053
2023-11-27,4038.920772122963,4074.3319820353904,4036.5501662761853,4052.9468248409603,13332,0.007621221409347845
2023-11-29,4065.296039342716,4065.296039342716,4039.1814471603625,4050.771621871823,76323,-0.0005366966464512846
2023-11-30,4046.3672239598886,4081.293639928056,4023.462382380368,4058.8058563138015,48990,0.0019833837085749817
2023-12-01,4065.679684170065,4082.8599627280623,4052.597152797589,4072.608736148024,19873,0.0034007243319487124
2023-12-04,4057.4002540546153,4073.4561249376584,4051.2604386126022,4064.5843267103073,92542,-0.0019703364495815556
2023-12-05,4078.01542011596,4091.084135589875,4041.4647895657085,4069.0661763465155,95761,0.0011026587901634688
2023-12-06,4066.3685275792313,4077.0654601301394,4055.3177672022352,4069.3180243621514,46444,6.189332016770521e-05
2023-12-08,4083.7489670598657,4084.080843331706,4041.1285619958767,4071.2715463331283,45340,0.0004800612680753158
2023-12-11,4049.0764444135802,4062.875785714669,4040.1046489156943,4055.811350656019,15033,-0.003797387499498539
2023-12-12,4059.091495763436,4066.6088011291904,4044.1324817770055,4056.301554141198,83324,0.00012086446897963121
2023-12-13,4057.9080494335094,4082.9166931183386,4046.6423944517974,4066.261519966107,25689,0.002455430320445595
2023-12-14,4116.735883399741,4149.060735287536,4075.125955123535,4095.2843921220074,97134,0.007137482922186189
2023-12-15,4102.593824453417,4122.155391887438,4095.759653867908,4114.469808643712,10066,0.004684758049675608
2023-12-19,4160.631664896213,4190.9884205159415,4115.561281128014,4157.533457793943,55246,0.01046639084816281
2023-12-20,4148.524275345502,4165.710814581013,4133.675227626198,4142.186506536182,17533,-0.0036913596519568825
2023-12-22,4163.77091024511,4183.940868962419,4141.259823175437,4159.632919270595,90639,0.004211884884199213
2023-12-25,4161.446882796586,4193.022373821487,4156.338408594584,4163.299759385362,80152,0.0008815297373427899
2023-12-27,4205.797611052381,4213.868969868944,4176.178382412455,4207.0958180497155,69658,0.010519554486948302
2023-12-28,4191.367967062404,4199.876166490725,4171.553204590438,4190.929852342613,48498,-0.003842547544970376
2023-12-29,4172.6653954827125,4191.488453407685,4154.235309241452,4174.135415498998,21772,-0.004007329503314838
2024-01-03,4171.786353758066,4173.469019710657,4153.253616667783,4162.147562590117,99385,-0.002871936752307791
2024-01-04,4136.985071099343,4136.985071099343,4113.385884561751,4119.669648103921,59036,-0.01020576849989474
2024-01-05,4103.579629820228,4138.232236413683,4102.319497981339,4109.154547670306,68531,-0.0025524135020036365
2024-01-08,4083.9270865106982,4101.760819952851,4083.9270865106982,4093.9718944392316,22940,-0.003694836262530421
2024-01-09,4096.096949685243,4110.983555465784,4089.6551893063165,4096.979770168756,26932,0.0007347084462425713
2024-01-10,4108.82544886143,4108.82544886143,4094.520626020888,4103.814889684299,66827,0.0016683312827929786
2024-01-11,4133.301560788919,4158.362441447199,4104.775945317373,4141.338306468617,71431,0.009143545162975109
2024-01-12,4176.737951286778,4194.223879555008,4135.637789520033,4160.346783232338,34648,0.004589935754350405
2024-01-15,4165.585718259854,4199.732329181834,4126.4256182691515,4148.8087101190895,42966,-0.0027733440778905383
2024-01-16,4125.304534275043,4146.851153681954,4116.729626171646,4130.840416692123,37777,-0.004330952493216023
2024-01-17,4146.368630914105,4170.093048640535,4117.893983557686,4140.678800122252,42567,0.002381690512752277
2024-01-18,4129.436939934785,4129.436939934785,4090.168124817084,4114.274135981839,27174,-0.006376892634037068
2024-01-22,4147.112033889051,4158.858917675276,4128.38237544833,4150.903311298926,52598,0.00890294961065985
2024-01-25,4172.4563101123285,4188.557081893813,4140.038700198333,4174.492113713352,69199,0.005682811823203959
2024-01-26,4159.291791531772,4199.157951360673,4148.028988151874,4165.1086006712585,23798,-0.0022478214801913143
2024-01-29,4121.254936982234,4142.380805381487,4121.254936982234,4130.845910089441,75364,-0.008226121781385487
2024-01-30,4151.43058212209,4168.932844764966,4120.133674322241,4157.923357572749,27558,0.0065549400952413794
2024-01-31,4143.3931580000735,4173.076703548564,4142.783138546479,4155.632560667696,71084,-0.0005509473619519367
2024-02-01,4180.729721589759,4208.1655492627815,4155.4574766955775,4180.388886907166,54237,0.00595729431754477
2024-02-02,4140.800601420692,4174.282569479684,4134.170426146714,4148.500333731278,75497,-0.007628130788444487
2024-02-05,4138.85069239011,4143.028119002913,4118.703237368187,4136.512833272203,10178,-0.002889598528317605
2024-02-06,4127.80764514661,4155.027319611391,4127.80764514661,4136.617707266567,96006,2.535323800278988e-05
2024-02-09,4140.866121464006,4163.9944638026645,4126.07617857743,4137.557319141862,27118,0.00022714496281439622
2024-02-12,4136.891299328367,4164.631185032598,4100.602181915964,4128.556009712277,32616,-0.0021755129259336536
2024-02-13,4134.308819366549,4162.370801519727,4134.308819366549,4141.013008359227,10798,0.003017277376798244
2024-02-14,4123.401165470051,4132.188790293525,4054.8378803535606,4119.660599771575,17601,-0.0051563249244928056
2024-02-16,4129.089699995881,4139.854041158299,4108.075086907909,4116.813010071149,35363,-0.0006912194904076241
2024-02-20,4107.122512518475,4141.612184330881,4081.609457831084,4119.218922705387,12795,0.0005844114435977765
2024-02-21,4146.233423254939,4157.016395074857,4100.387809055626,4129.507699386562,55264,0.0024977494214892815
2024-02-22,4147.9301870419995,4172.528234805686,4123.191849893049,4143.7399969483395,82833,0.0034464877166571206
2024-02-23,4114.197036553998,4159.100614176701,4106.913735472261,4121.247155111582,13084,-0.005428149896789414
2024-02-26,4090.0071809202927,4113.577286389827,4055.144747153682,4090.56487169687,86646,-0.007444902540401421
2024-02-27,4121.701677260057,4133.886246647008,4092.1400777183435,4116.11840813484,10731,0.006246945651633196
2024-02-28,4123.524742288556,4134.337057889412,4082.817424416121,4122.764688374432,11129,0.0016146960754230832
2024-03-04,4113.182517567765,4124.858706264948,4084.1511263580933,4107.794957643301,38022,-0.003630993244252645
2024-03-08,4129.611261222957,4154.700277196035,4129.086891409373,4138.817997153751,11605,0.007552236620945729
2024-03-11,4142.825098079969,4149.387347961055,4113.4190868959495,4141.131489839609,87506,0.0005589742500029526
2024-03-12,4150.580288551835,4170.535817028799,4137.591563272652,4164.717433520885,54130,0.005695531218737004
2024-03-13,4164.9555425356,4191.111552264716,4144.577519918534,4166.067803149087,39265,0.00032424039559897366
2024-03-14,4198.243685232079,4227.099248555129,4190.110967181932,4207.282761646727,42330,0.009893011934775986
2024-03-15,4235.034279069693,4257.653849825023,4226.810024334311,4242.389578495591,78469,0.008344296981628085
2024-03-19,4246.98229383281,4246.98229383281,4211.2791426708045,4237.41029552601,25187,-0.0011736977185737851
2024-03-20,4267.754815751039,4281.728702037267,4227.38005320319,4256.841714545097,35791,0.004585682684446146
2024-03-21,4275.840614745872,4325.995906712706,4259.572145529403,4269.7492335368,80610,0.003032182039468312
2024-03-22,4286.1987370407205,4305.94241993945,4285.071765320309,4297.121864687447,49867,0.0064108287521076335
2024-03-25,4274.659310978896,4331.075703908103,4261.416368147571,4277.823395475844,10893,-0.0044910220885732155
2024-03-26,4303.675401675605,4312.236510433774,4250.132358664843,4291.544424675813,29773,0.003207479115308942
2024-03-27,4314.130083549204,4318.098122007493,4302.311767244976,4312.712914412805,14239,0.004932604126215212
2024-03-28,4287.795941268508,4287.795941268508,4234.293025175947,4277.538124684343,30863,-0.00815607030343024
2024-03-29,4257.8061328249705,4259.322272287268,4247.500273509318,4253.872954431027,61415,-0.005532427663648698
2024-04-01,4215.008802040726,4229.030693179329,4180.722010099169,4213.088310875825,78968,-0.009587649652940122
2024-04-03,4204.609009544908,4236.316430493111,4162.954654202317,4207.7001741869335,70430,-0.0012789042838201592
2024-04-04,4223.3864283506755,4249.337453196231,4198.823764859359,4222.051019302853,11515,0.0034106149492205695
2024-04-08,4250.573461980968,4271.405786653599,4244.983084519344,4252.0981603447735,24605,0.007116716710562576
2024-04-09,4260.661142720055,4272.943770467327,4223.305922400075,4253.580055953169,66240,0.000348509265899688
2024-04-10,4295.719390032541,4299.921881640789,4264.22604731528,4286.152366864595,15586,0.007657622633865602
2024-04-11,4250.690443095217,4263.942670854177,4242.680750126895,4258.550337700297,41186,-0.006439815200617649
2024-04-16,4215.48648023882,4242.939913632531,4215.48648023882,4224.482688913195,36928,-0.00799982296452073
2024-04-17,4213.091333308588,4240.20801761009,4213.091333308588,4223.371734935262,93087,-0.0002629798864718369
2024-04-18,4236.132957183173,4243.133858132868,4200.605973911912,4231.0530439140475,97029,0.0018187622262200165
2024-04-19,4219.365482890427,4246.8711844101035,4210.74930689657,4230.399148952166,30711,-0.00015454662352254456
2024-04-23,4178.275833694868,4196.087432856609,4178.275833694868,4189.050306951369,64962,-0.009774217643514493
2024-04-24,4191.153692206422,4223.248309191016,4149.170157436546,4187.2679061611125,30039,-0.0004254904237599444
2024-04-26,4186.108511325344,4190.9606576640945,4136.977590245427,4161.178516151016,46561,-0.006230647428054126
2024-05-01,4174.511258012218,4208.922472442665,4167.117788455702,4174.5719671276165,85483,0.0032186677222847404
2024-05-02,4190.199148874283,4190.199148874283,4175.03648456402,4181.903932049553,91395,0.0017563393276416317
2024-05-03,4163.924629908482,4169.1240903601265,4135.502261829528,4163.106336323006,98658,-0.004494985067085122
2024-05-06,4151.840101444361,4161.29583126368,4099.595464464704,4152.828997976272,11577,-0.002468670631125658
2024-05-07,4140.835492368371,4141.523791496664,4096.316846433422,4131.6447275384935,38350,-0.005101166084156561
2024-05-08,4127.488400151144,4139.8551906857265,4113.34877918518,4130.39114559303,43798,-0.00030340990770771903
2024-05-10,4152.167915143774,4184.291260775096,4143.05325477738,4149.493992003055,91417,0.004624948518594074
2024-05-13,4132.996449138303,4166.797550645874,4120.53529167832,4129.779471076344,20785,-0.0047510662660809055
2024-05-14,4133.17949685027,4161.430341882306,4115.822032186256,4139.860401386701,82227,0.0024410335663103133
2024-05-15,4136.320344222233,4136.320344222233,4122.705638648875,4129.255249019252,71957,-0.00256171738638733
2024-05-16,4111.6481948070505,4151.261568597089,4103.24274157115,4113.397792374005,75431,-0.003840270385080613
2024-05-17,4103.699733579985,4119.774273263555,4081.421973665281,4111.2571851749135,27297,-0.0005203987815279865
2024-05-20,4095.9174371622307,4128.7817420410865,4078.8688103816285,4090.5523387265266,81894,-0.0050361350593799425
2024-05-21,4071.3741716430877,4084.897082385502,4071.3741716430877,4079.4793526195826,73772,-0.0027069660011711516
2024-05-23,4055.803606341497,4065.1358128821794,4012.365643610258,4055.5217947678057,29581,-0.005872699867053632
2024-05-24,4094.7251074596916,4125.019592729585,4072.6085972105434,4094.8162974261336,65192,0.009689136107966068
2024-05-27,4106.380524123884,4112.848796626357,4082.249457797135,4095.521568465568,11462,0.00017223508656005748
2024-05-28,4086.274040634516,4094.030985912195,4038.7733051589125,4081.5270583057163,74173,-0.0034170275814455753
2024-05-29,4085.5563869329494,4097.160958455525,4069.6755940297257,4085.806656520401,25511,0.001048528688784689
2024-05-30,4091.7377585185873,4114.19297142666,4051.8504641445866,4083.5600955265845,86106,-0.0005498451548682226
2024-05-31,4093.042779026093,4095.294524750422,4064.419977747567,4079.14070353592,58665,-0.0010822399786661885
2024-06-03,4097.002140600307,4118.653196675529,4055.477957758021,4091.4240375367885,54414,0.003011255284776304
2024-06-07,4106.677717936168,4116.504287306375,4079.920370659993,4106.5741917377345,91010,0.0037029049206218634
2024-06-10,4082.845806462022,4110.928603755459,4081.541675749166,4095.9641687855237,82573,-0.0025836676647794654
2024-06-12,4077.575080197847,4112.250784743056,4077.575080197847,4084.4478039726305,23386,-0.0028116370989417216
2024-06-13,4075.8945229860506,4115.557583760965,4047.4308370787535,4078.9467700295972,64460,-0.0013468243951318959
2024-06-14,4026.8132247132926,4058.210230571443,4002.1650753632007,4032.9083467348855,16221,-0.011286840915155527
2024-06-17,4000.73481246106,4023.8216757151213,3969.662161788655,4002.6045254909145,33474,-0.007514135863887272
2024-06-18,4030.5085100887763,4060.093568018098,4013.270024312885,4029.9420108398053,31045,0.006829924159329259
2024-06-24,4068.138292653398,4072.5217622919704,4037.0737880894444,4062.841365109831,14922,0.008163728952310434
2024-06-25,4057.1556565381125,4072.1878118076297,4022.4737228091662,4057.860644318703,32706,-0.0012259205672907614
2024-06-27,4074.256800018081,4094.138473911601,4007.748671617607,4069.391783579819,52771,0.0028416794640939713
2024-06-28,4076.2615308187906,4082.1358071435398,4061.593609502509,4075.616786670689,62335,0.0015297133876341906
2024-07-01,4121.159586841575,4148.591353304891,4121.159586841575,4137.194402839794,62949,0.01491746632944967
2024-07-02,4150.1925471302975,4167.6210609134605,4130.580666073709,4159.585901068485,80714,0.005412242222246455
2024-07-08,4155.586673681654,4178.7304072714705,4142.764321997162,4157.02754923887,25240,-0.0006150496444750075
2024-07-09,4125.819792998451,4184.707514860757,4124.688208284542,4137.916740426862,12716,-0.004597229290796312
2024-07-10,4111.787101321672,4142.941034564071,4077.709799336595,4105.78781402171,26574,-0.007764517369636015
2024-07-11,4118.551898316969,4118.551898316969,4067.462252745146,4109.8570867390545,93255,0.0009911064335685893
2024-07-15,4106.917690350342,4140.2021962179615,4081.959656329708,4094.7300718333686,83717,-0.0036806668909473705
2024-07-16,4064.1505689321134,4071.420994532615,4057.476519842914,4066.2849976414154,54066,-0.006946751969713394
2024-07-17,4062.154320656595,4062.154320656595,4039.3691655308644,4053.353539956565,71826,-0.003180165111975941
2024-07-18,4033.209254456298,4043.8714883404855,4016.5264460204594,4031.722579884277,30213,-0.005336558940407632
2024-07-19,4062.094552874548,4074.073246220976,4059.7765923516113,4065.4654125857282,81916,0.008369333959088898
2024-07-22,4076.9641810893077,4115.555177218248,4028.3316606564576,4083.098207724717,76151,0.004337214402169609
2024-07-23,4079.9140580335034,4132.175993124974,4064.7737866517077,4082.9387548983846,60906,-3.905192043407446e-05
2024-07-25,4108.655869490773,4148.206311702112,4098.467463425096,4112.537637676185,10463,0.007249406507087608
2024-08-01,4115.789166052892,4147.5641468781405,4089.4391231440436,4114.085003829137,41973,0.0003762558034183794
2024-08-02,4098.4650596130705,4107.19236638726,4090.67963537078,4096.859319802572,84694,-0.0041870024587563615
2024-08-05,4127.352261549499,4140.906689753939,4113.384351331912,4127.321801347965,30651,0.007435569339213188
2024-08-07,4142.469383919122,4154.871067617073,4126.249018204503,4138.1000022216585,78694,0.0026114273110890984
2024-08-08,4129.261541882994,4154.317566172805,4108.945803715199,4117.35507913513,30008,-0.005013151706191543
2024-08-12,4123.043846927871,4127.791758895097,4089.2936542677653,4113.548305573458,80474,-0.000924567711189983
2024-08-15,4086.9037149118417,4141.5221329715,4086.9037149118417,4096.0359405057625,48185,-0.004257240651329597
2024-08-16,4051.175622494691,4100.643425978332,4051.175622494691,4068.3799458864755,97924,-0.00675189256661457
2024-08-20,4095.6976201893162,4095.6976201893162,4078.7640376177396,4086.9034968371084,84417,0.0045530533521978
2024-08-22,4111.423042662356,4143.331473202443,4108.361204255232,4125.091829646511,81139,0.009344075004207086
2024-08-23,4094.8728241512013,4110.638222293989,4087.6361500843122,4097.120478170128,44980,-0.00678078273927285
2024-08-26,4096.678732643346,4113.762818452255,4089.087667091207,4108.379862903939,32504,0.002748121465746989
2024-08-27,4077.347207145703,4113.19674970239,4049.368185949954,4095.367011521503,64970,-0.0031673924555842836
2024-08-29,4091.039131128257,4100.381949543631,4057.443022547091,4085.624503846209,26766,-0.0023789095453192743
2024-09-02,4081.368176964458,4114.863587557166,4062.0515305878102,4073.776625361432,21695,-0.0028998941223363772
2024-09-03,4050.731705960568,4065.3148858023815,4042.9870113030306,4056.4968099678354,27796,-0.004241718921459858
2024-09-04,4031.5568196052827,4076.8624013696954,4028.522304053827,4057.4672425267318,52543,0.00023922921780972217
2024-09-05,4035.385795715986,4071.7136993559343,4008.4147662539017,4040.848240198511,24559,-0.004095905483606943
2024-09-06,4050.1754167681333,4070.386104250468,4027.068556665557,4046.257376714108,43139,0.0013386141211111369
2024-09-09,4034.481640607611,4059.700740082733,4034.481640607611,4045.2526145251254,18802,-0.00024831890199694673
2024-09-10,4042.3072527855884,4075.155974158516,4019.798583165308,4040.473653587797,83843,-0.0011813751556994934
2024-09-13,4022.169281855235,4034.4346473226783,3982.623648830229,4022.322380346965,50205,-0.004492362727007038
2024-09-17,4016.579868731609,4022.048114346061,3988.6515118590623,4010.786953735598,44159,-0.0028678523302181347
2024-09-18,4027.090581936255,4030.9089501436465,4009.783842662376,4025.8947782521136,21516,0.003766798060027554
2024-09-23,4026.8253413725415,4065.9212766839955,4026.8253413725415,4035.913122004601,60492,0.0024884763026113976
2024-09-24,4028.327732125275,4033.4523236357372,3987.319026587108,4016.36201710863,39086,-0.004844282893349372
2024-09-25,4016.7633674869453,4040.995324463683,4005.4350489820895,4018.348663217215,40480,0.0004946382074431099
2024-09-27,4033.103360289551,4047.418212341312,4022.027340459647,4033.3764056846503,62091,0.003739780623069233
2024-09-30,3990.655620471491,4014.389143017413,3988.3310919745727,3999.988300062223,57766,-0.008277954315240699
2024-10-01,4006.4226813979067,4021.173068502863,4003.987766731823,4010.855503909822,48737,0.002716808908523438
2024-10-02,3988.755001590636,4011.337423451717,3982.0163864819374,3997.603028730905,19265,-0.0033041517367051743
2024-10-03,4007.2855415035338,4015.3376543952845,3973.7255959191525,4009.015002102768,80990,0.002854704003835584
2024-10-04,4010.866903773341,4040.7442547552478,3982.3179547451327,3993.7498189719176,25386,-0.003807714144956731
2024-10-07,3943.9331655293136,3967.592690973547,3917.553515525682,3957.652176958627,47425,-0.009038533621162803
2024-10-08,3919.7332955852953,3937.2681312413883,3919.7332955852953,3925.101328200964,53254,-0.008224787652430288
2024-10-09,3940.7747304091276,3944.0138632468947,3916.5577447892406,3926.0630271341915,99863,0.0002450125112229973
2024-10-10,3929.1642403971027,3951.14131659862,3912.403022066284,3931.2574771686213,63634,0.001323068427207863
2024-10-11,3906.480417279934,3921.7956281308952,3882.784534735599,3913.171144666533,96717,-0.004600648165918209
2024-10-16,3936.342040716041,3943.930454608509,3886.8927006794884,3925.9429938420803,57662,0.0032638105269060524
2024-10-17,3886.6564371993327,3924.1386732421615,3883.666016668245,3892.712592596701,96988,-0.0084643106885407
2024-10-18,3909.6510937592248,3924.783056714028,3853.7538586419732,3891.390996623755,97527,-0.00033950515007441506
2024-10-21,3873.9499313418987,3884.17914394328,3847.5100127180262,3867.170672628506,85452,-0.006224078746202344
2024-10-22,3849.254836391006,3896.4647494996752,3812.7727120213062,3854.133950472463,20143,-0.003371126660717594
2024-10-24,3876.655006031446,3880.2321976955295,3834.5788140180953,3855.081923898791,25581,0.0002459627606383741
2024-10-28,3831.8165073630785,3856.5662531083117,3821.8128548760646,3837.8736565931117,77443,-0.004463787708115952
2024-10-29,3837.6034994286088,3850.995057691771,3820.5020566214525,3830.1825457085156,39424,-0.002004003146738209
2024-10-30,3853.301327696869,3894.710478247041,3840.3378295313155,3850.3084018928043,98844,0.005254542295076492
2024-11-01,3851.787977396329,3861.6225112683273,3809.7599313328637,3838.770564502341,51984,-0.002996600839764274
2024-11-05,3871.099518710913,3884.7078453292597,3847.6772093466834,3855.4844067436443,51505,0.0043539570704898
2024-11-06,3833.2103111411493,3852.505552031822,3788.5488755787483,3832.8902696504915,72699,-0.005860258973848564
2024-11-07,3835.9521745053357,3848.7718145655263,3816.1426239746575,3843.4863532087975,36957,0.0027645152385935567
2024-11-08,3876.9174470513467,3896.3965140098885,3863.6008105781007,3872.3177256219556,35464,0.007501359381460571
2024-11-13,3816.1076819218883,3836.025561877945,3811.684855956098,3822.8848356194094,33649,-0.0127657112626538
2024-11-14,3825.673299649134,3825.673299649134,3800.8151607320024,3806.94693051,52065,-0.004169078011691418
2024-11-15,3819.853726364438,3825.6062621159153,3789.1089572577375,3818.4883730536108,44758,0.0030316793888336413
2024-11-19,3810.77424981963,3831.115724942201,3770.4054280519786,3814.427465332751,15596,-0.001063485684418164
2024-11-20,3823.6971858588263,3866.379194490487,3813.978624070074,3821.850382800177,26374,0.001946010911175744
2024-11-21,3796.2994161705637,3846.055511300082,3768.411094558118,3809.770679065861,13775,-0.0031606950886093887
2024-11-27,3801.7863344302123,3848.8467263146913,3791.308228905635,3811.5024748153187,37388,0.0004545669268163355
2024-11-28,3815.476048857942,3815.476048857942,3801.4997558186374,3808.3889301074773,31029,-0.0008168811980089341
2024-12-03,3825.175628550959,3854.720252307136,3818.352371900191,3831.7445713406732,93981,0.006132682785772392
2024-12-04,3826.363878379878,3868.4392607214772,3814.555328994902,3836.8329882066973,63639,0.0013279634827652043
2024-12-05,3848.9515689734744,3852.3674492637424,3812.9957428150465,3843.5850414482015,24645,0.001759798579260119
2024-12-06,3847.2045436723824,3858.7805043642416,3809.5130088445753,3835.3475021257523,41105,-0.002143191638435904
2024-12-10,3832.7849107509533,3833.146360051853,3808.924491584065,3825.5953776443025,23668,-0.002542696450854698
2024-12-11,3826.904690745968,3852.167312492857,3809.353868950641,3816.94421388791,25960,-0.0022613901634626066
2024-12-12,3817.2653058497813,3858.856770536507,3808.2361110295733,3824.833256735476,21357,0.0020668478252476863
2024-12-13,3802.1954604516523,3821.655346075992,3797.2757157593237,3816.4135671190706,74604,-0.002201322005757622
2024-12-17,3837.2224007765535,3852.256933145261,3800.0979510765846,3822.2090642569988,61796,0.001518571568831062
2024-12-23,3860.4902818414866,3875.989717882407,3825.7274623434296,3863.717080229908,25804,0.010859692726142844
2024-12-24,3878.631244133991,3903.8773221004876,3854.7273630989575,3881.1395742985414,24626,0.004509257201512407
2024-12-25,3887.901045073675,3888.0343395288055,3855.0270542590365,3874.6191036551845,38132,-0.001680040235227942
2024-12-26,3904.2056821924702,3955.7276592310063,3886.4150357530016,3898.6433820984635,17951,0.006200423267570976
2024-12-27,3895.0407523588483,3899.460837573962,3859.6190437628593,3890.4818746380324,16449,-0.002093422419169322
2024-12-30,3863.4541549691457,3863.4541549691457,3833.271577710962,3849.7193839344754,29065,-0.010477491482298595
2025-01-01,3823.122475412326,3842.643552815361,3815.5455894588767,3829.5576577161273,19130,-0.005237193729622613
2025-01-02,3801.4202205764227,3821.8574631320535,3749.745492504967,3792.1418192956103,99360,-0.00977027682169207
2025-01-03,3785.681680863755,3811.532623207765,3756.8758727365366,3785.111549614784,72287,-0.0018539047366461503
2025-01-06,3788.1658399872076,3804.084239307584,3774.8171392636996,3785.479917198575,61702,9.732013943652973e-05
2025-01-08,3834.293347708206,3847.8588136936405,3807.9914685012645,3819.008663444081,46993,0.008857198288960477
2025-01-10,3830.6255684822604,3866.118962599495,3796.3576722109883,3825.5472109193643,41875,0.001712105955105736
2025-01-14,3826.548161133683,3832.5582368615665,3808.3856257561433,3821.165200343187,16054,-0.0011454598086437784
2025-01-15,3848.4783853399545,3852.83690858701,3827.723839788046,3837.7533119668565,58517,0.0043411134441870836
2025-01-16,3789.88107849127,3800.161059248732,3784.6452231471285,3793.5306057866987,86368,-0.011523071595629375
2025-01-20,3789.85080027548,3810.196426619637,3778.127066945703,3798.24289694887,39670,0.001242191417932137
2025-01-22,3803.212108886399,3828.4047721088805,3787.686058298278,3813.6602008266095,59112,0.0040590621232055035
2025-01-24,3764.424910017253,3802.602637494245,3745.980333649247,3784.0884759110127,98388,-0.007754158304189573
2025-01-27,3812.6466051249117,3812.6466051249117,3792.2923270982205,3806.963556775151,99156,0.006045070301542443
2025-01-28,3802.701401267823,3840.4784037022955,3796.490146581943,3813.7334849250396,38307,0.001778301275787264
2025-01-29,3803.2151904111656,3832.144229224727,3790.6035733387835,3805.4277266470235,77087,-0.0021778549316168183
2025-01-30,3815.31523097026,3836.670829628279,3805.922776374209,3818.083363969149,57922,0.0033256806412340634
2025-01-31,3866.5712881033282,3891.47310182841,3855.7092771119724,3863.497221125237,73080,0.011894412150518674
2025-02-03,3875.2919183518,3885.460796244591,3847.3414831919135,3867.134546226407,89335,0.0009414592254088916
2025-02-05,3880.703692836011,3886.350783809493,3828.911836202268,3872.098957952414,36312,0.0012837442469777471
2025-02-13,3857.0809655759194,3902.427874537421,3831.5456934645554,3862.911739961609,76985,-0.00237267127998797
2025-02-14,3844.243635434449,3864.466145619026,3839.461242085726,3845.914852572313,67608,-0.0044000196052795815
2025-02-17,3865.347368408081,3891.4037569641455,3849.2917060119544,3862.521568903198,99962,0.0043180145602488285
2025-02-19,3842.912981123185,3870.023203007814,3838.6152093005912,3845.3998923850204,50277,-0.004432771756155973
2025-02-20,3861.119302375596,3861.119302375596,3841.079804229819,3846.8312171294083,41551,0.00037221739856563296
2025-02-26,3842.1878177104886,3851.519286059144,3797.6540421252075,3837.2780681941063,99813,-0.0024833813588605036
2025-02-27,3854.206442569532,3867.525474894686,3811.9589001599693,3846.857664709034,66597,0.002496456171453776
2025-02-28,3860.1597195014474,3863.561684535663,3847.7043941693605,3853.530906814773,55212,0.0017347255051725075
2025-03-03,3886.016444274784,3891.2319095937637,3860.4216630909837,3874.281705699931,19637,0.005384879318980129
2025-03-04,3865.891593309873,3897.528774956806,3840.050382311355,3864.081377722836,53258,-0.002632830741783221
2025-03-05,3845.71555953741,3898.4618722929204,3833.2606298657624,3858.6838790169686,45693,-0.0013968387769949242
2025-03-07,3843.1054842188487,3863.685765716958,3824.6391667206176,3839.1086047013223,19824,-0.0050730443149525906
2025-03-11,3823.7091705618823,3836.929102351101,3819.8699176818245,3830.2227394998004,36950,-0.0023145646858336866
2025-03-12,3832.4825825432,3858.9340637935156,3815.8333338563675,3837.7687493606973,33488,0.001970122986080458
2025-03-17,3858.772161881155,3874.5174098247353,3805.363973286574,3852.908521693604,10215,0.0039449412723027155
2025-03-18,3846.848045924388,3849.915497315367,3827.4833292052263,3834.4652152100516,21523,-0.004786852939722919
2025-03-21,3852.0700493795257,3865.2252980299386,3834.8009204964856,3851.857333612165,85900,0.004535735083245562
2025-03-24,3882.0584209142535,3912.0020626471924,3865.3248317755806,3878.970090788264,78689,0.007038878864880749
2025-03-25,3904.26093829909,3905.2477907034604,3872.837905105374,3887.238788852738,33834,0.0021316735811163223
2025-03-26,3927.1822368987846,3959.8363111390954,3905.6221872074584,3924.774705103899,44474,0.00965618998215434
2025-03-27,3935.3157522636316,3935.337873476286,3890.055443838307,3909.298921121828,53066,-0.003943101233797264
2025-03-28,3890.060923511915,3909.367039601888,3877.192519684453,3884.4058270555997,20400,-0.006367661969191252
2025-03-31,3831.2237944859558,3861.5108475165607,3825.8985775312094,3848.8314220775137,20345,-0.009158261665221379
2025-04-02,3886.2857245183427,3888.7563124323315,3856.912634398255,3878.7523083072974,43896,0.007774018383385872
2025-04-04,3895.6512052832068,3936.752971230058,3879.4554774254298,3891.839621434379,95430,0.0033741038578440907
2025-04-09,3903.625455556997,3957.926299136277,3827.5881636297368,3890.7279280161697,38899,-0.00028564728414970375
2025-04-10,3903.059114055266,3913.4617617252898,3883.83085941013,3896.3273005425663,38229,0.001439158077869429
2025-04-14,3872.4329597567607,3882.4814519710067,3848.0466431797195,3873.8175195965987,15583,-0.005777179176614133
2025-04-15,3910.4895768260412,3938.422672158546,3885.107042879716,3922.732559188935,14897,0.012627089258822277
2025-04-16,3923.226750255579,3948.0700913459164,3895.568450063988,3925.3169828284394,81537,0.0006588324848837424
2025-04-18,3920.316709283878,3938.918231231681,3920.316709283878,3927.5048787205374,14567,0.0005573806909529022
2025-04-22,3936.214976700464,3982.924438316758,3910.4473946335465,3942.0202111985113,84807,0.0036958152634307684
2025-04-23,3957.526179877452,3961.241811017074,3940.376706355946,3951.6403958332457,87239,0.00244041991652022
2025-04-25,3971.072938100656,3971.072938100656,3938.9880085545133,3956.118076318828,23329,0.001133119423089246
2025-04-28,3944.2553025081515,3958.627072251011,3926.1905033065077,3940.308587209922,81792,-0.00399621265187744
2025-04-29,3937.77912373229,3963.169686564931,3935.556148148262,3949.7379543526417,10228,0.0023930529637519182
2025-05-02,3991.824470964344,4009.1572542915346,3968.4864368988797,3987.3784442821425,92214,0.009529870174810107
2025-05-05,4026.2531600716984,4031.6319089361805,3986.1995918405823,4014.286845205242,47052,0.006748394038615935
2025-05-08,4040.052748694836,4062.3166128169505,4006.1140016029954,4046.15057773803,67769,0.00793758238050346
2025-05-09,4034.5860925426773,4062.9293488688404,4023.1277900782175,4035.9262642094063,56032,-0.002526923635733591
2025-05-13,4016.281049751527,4029.9241924166395,4007.9730980058325,4016.134167804235,98721,-0.004903978692744615
2025-05-14,4006.6859560019443,4034.197159472484,4006.6859560019443,4013.618429402242,43686,-0.0006264079577222859
2025-05-16,4021.215731986454,4028.8883849710533,4001.4135890890684,4014.7329276480154,86981,0.0002776791728902328
2025-05-20,4035.4072765313567,4075.1066066843855,4012.701836803499,4036.6167580174347,73261,0.005450880734485075
2025-05-21,4006.9627898622084,4007.8793857997193,3985.6025415894387,4002.767465423138,12809,-0.0083855601419347
2025-05-23,4024.4835500343297,4051.733304924201,4002.015833413419,4033.3584718123507,51785,0.007642464033563057
2025-05-26,4025.823730837537,4057.032331363557,4009.6777555639014,4030.198313840771,46547,-0.000783505357548786
2025-05-27,4028.8845060201,4034.4026864913103,3996.616352063288,4021.6606924418224,52818,-0.0021184122303927744
2025-05-28,3997.690273415701,4020.3293600879347,3981.3699001895584,4001.418604936619,81927,-0.005033265870302284
2025-05-29,3985.5911100116377,3990.3035137141665,3933.98576768699,3968.3214714993037,75681,-0.008271349914873438
2025-05-30,3980.788521322396,3995.664222131825,3969.756840240829,3984.784883178542,89465,0.004148709170232134
2025-06-02,3988.4980897798287,3992.683227559471,3961.7449933527505,3986.25124252231,99862,0.00036798958708117446
2025-06-05,3969.7779328462198,3995.809499461105,3945.1394627586096,3960.452024527489,47333,-0.0064720501607160585
2025-06-06,3920.3667917568864,3946.691033102349,3909.982006845656,3934.5504490862168,26576,-0.006540055347435292
2025-06-12,3912.3919041817353,3950.6424183708095,3912.3919041817353,3927.834755100414,49405,-0.0017068516651914667
2025-06-13,3945.958622460501,3977.719285928333,3934.1417890355947,3961.215185606202,83779,0.008498430455212702
2025-06-16,3968.6491996132013,3971.036673006554,3944.4075740923786,3956.0233585789297,41601,-0.0013106652337740998
2025-06-17,3920.4419180576433,3931.955973260187,3905.3565169342187,3925.960499516568,77946,-0.007599262273608298
2025-06-18,3926.1869014074123,3926.1869014074123,3889.4341401540682,3921.045638234849,77356,-0.0012518876036384796
2025-06-19,3909.9486908533213,3933.797589629364,3886.655393911369,3915.5911668398953,62116,-0.0013910757227015846
2025-06-20,3863.498947013034,3880.6300023851145,3838.7794801932814,3861.6534339810637,72894,-0.01377511863741443
2025-06-23,3873.986995538495,3873.986995538495,3837.708459248532,3860.5675366507076,44635,-0.0002812000996258446
2025-06-24,3870.78922300639,3870.78922300639,3814.3564420122125,3855.948846046534,17465,-0.001196376066556426
2025-06-25,3885.3936701961543,3885.3936701961543,3856.679241490213,3869.8729733428027,66754,0.003611076767925603
2025-06-30,3918.9357575476406,3954.918953639134,3887.605652050106,3906.8520952417093,95119,0.009555642304962753
2025-07-02,3939.624021090779,3956.3264500677383,3878.7503591018876,3929.3833958326645,48871,0.005767124027653114
2025-07-04,3929.93089151358,3938.582371141736,3906.652788482894,3924.005622021568,72874,-0.0013686050123793425
2025-07-07,3909.6587146084007,3924.1306191275967,3866.1742988960873,3901.8751038467344,87733,-0.005639777387330125
2025-07-08,3947.8304427484463,3972.211878150011,3910.742099233576,3953.3422999117315,39511,0.013190375062045678
2025-07-10,3946.3446797577985,3967.366921390404,3935.272428014795,3954.5266685920215,90960,0.0002995866763968458
2025-07-11,3954.7715098561707,3981.0039821112127,3912.142250269109,3954.8052544302805,58821,7.044732824068589e-05
2025-07-14,3952.620906462831,3971.6628716796145,3941.876371629322,3954.3227526880805,75776,-0.00012200391957595258
2025-07-15,3953.752167410165,3976.955834367447,3944.538184162658,3958.2844479034375,80167,0.0010018644058995552
2025-07-16,3962.361114139526,3987.7163538889695,3946.6937289283605,3955.3972396649588,85135,-0.0007294089842401208
2025-07-17,3953.477051613059,3973.1628792350816,3930.4151022436704,3943.9239995273538,54462,-0.0029006543318963462
2025-07-21,3933.8708895654645,3943.211831327223,3923.541023586529,3932.986820702546,71382,-0.0027731718020221896
2025-07-22,3944.71729808315,3944.71729808315,3901.7544390319586,3932.331755298226,42574,-0.00016655672499887864
2025-07-23,3910.046368734216,3929.3310292223955,3897.4169322607745,3921.4632598755506,51910,-0.0027638805927377996
2025-07-25,3905.2697496292103,3947.731048879974,3888.666441452837,3907.2063442220074,83531,-0.0036356111759149323
2025-07-28,3902.1667255698176,3922.508005005459,3888.881759870429,3909.3349487758455,35186,0.0005447893881995736
2025-08-05,3885.570038256698,3929.8228345910697,3882.631568190176,3904.2354044274284,32813,-0.0013044531653686464
2025-08-06,3933.488457340655,3966.3686699159525,3911.3072924311805,3934.315264199082,88812,0.0077044175506277845
2025-08-08,3880.0783929473887,3916.7430517555795,3867.2713616448514,3881.2958680312217,95525,-0.013476143269533725
2025-08-13,3918.260502502092,3930.3797725694694,3874.4561317318726,3903.126005069671,88282,0.005624445489522234
2025-08-14,3934.3558257651716,3945.6329767934794,3899.4868915720963,3928.047708919624,28557,0.006385062592799473
2025-08-15,3876.3380360281685,3922.2544584697907,3848.235422040438,3886.5799042714607,38060,-0.010556848521467765
2025-08-22,3895.4421816509,3895.4421816509,3844.2613799556084,3879.7261523898537,68866,-0.0017634403641295648
2025-08-26,3884.507672025192,3911.444494221797,3852.584895125023,3872.297335069938,82104,-0.001914778782863169
2025-08-27,3849.968078210268,3871.4775899745546,3803.5111230001603,3844.1471011755816,94577,-0.007269646790655893
2025-08-28,3826.3259264352655,3858.3069998239025,3790.4583032702085,3828.5907674237637,16080,-0.004046758186506572
2025-09-04,3796.7848581472126,3814.4972140731807,3790.890287789194,3806.3792505144474,23854,-0.0058014863062165745
2025-09-05,3837.702591622209,3857.3904053127317,3821.7185901692806,3841.42465938292,77695,0.009207019732396793
2025-09-08,3868.338591762925,3868.338591762925,3840.708640770722,3860.138227245869,37025,0.004871517606688025
2025-09-09,3900.6049838691033,3900.6049838691033,3859.5665143537094,3885.5693291457524,62982,0.006588132445720207
2025-09-10,3915.435205709339,3927.350746744666,3879.852867439867,3900.0027704266167,51081,0.003714627139091098
2025-09-12,3872.5332407844094,3911.3917196001307,3845.011012122338,3877.4217350022723,14368,-0.005790004970143703
2025-09-15,3855.7351553437866,3879.1267025924585,3848.027271674997,3866.931329676677,37094,-0.0027055105280131553
2025-09-16,3878.1276833703473,3908.2397746228758,3866.043800428005,3876.718820901235,56040,0.0025310744851982925
2025-09-18,3834.591871067768,3865.545567945862,3827.5187979053812,3852.2762647233963,76766,-0.006304959762894691
2025-09-19,3869.7679104686918,3876.7418434585015,3844.599214004337,3866.536233326844,93053,0.0037016993651342034
2025-09-23,3860.253699500695,3886.0049038878938,3831.7373472577483,3861.7297253636816,33991,-0.0012431043376067707
2025-09-24,3849.572944194007,3878.3763275105903,3833.646329134583,3854.2333092126896,11301,-0.001941206838416476
2025-09-25,3862.672118189208,3880.3282662077568,3862.672118189208,3868.452508576759,38610,0.003689241990120662
2025-09-26,3882.473775872177,3883.310821837889,3863.9795838911623,3877.33777480648,91463,0.0022968528655893383
2025-09-29,3864.7914430934793,3875.77439139833,3824.602294027871,3870.1184514900983,44678,-0.001861927883428205
2025-09-30,3881.6058792002805,3913.4749542513846,3866.8879991836943,3893.305047557383,34466,0.005991185116919873
2025-10-02,3842.961158872569,3881.2917952895004,3828.4553992625906,3871.6837810053853,90440,-0.005553447851604387
2025-10-06,3883.7273440937643,3907.487156029637,3853.3933817242214,3884.002493144271,50875,0.0031817454202540674
2025-10-07,3913.5870342703356,3918.668486526134,3887.0749218792166,3895.8645183036383,36081,0.0030540724884460246
2025-10-08,3906.2861816628374,3915.3785762118337,3864.524710053455,3889.673589517359,34354,-0.0015891026900943794
2025-10-09,3891.625287396338,3938.120007206963,3866.097796602155,3896.196249962201,28300,0.0016769171743409306
2025-10-10,3865.1518578308774,3894.764195638343,3862.4797689388733,3871.173978434495,74384,-0.006422230791877759
2025-10-13,3894.342261379383,3924.5851039204344,3865.8962080684196,3889.654518818633,70892,0.004773885257311816
2025-10-14,3880.7064896516285,3903.9569547779115,3880.7064896516285,3885.9564760897733,45525,-0.0009507380953676092
2025-10-16,3878.519934677587,3882.1707750752,3813.133954566057,3875.5020156793926,36532,-0.00269031845176515
2025-10-17,3904.143002979977,3930.4751045901007,3858.110215018566,3896.48220019613,16464,0.005413539828351688
2025-10-21,3894.664658624118,3905.8325226477814,3856.220755787597,3882.395326385275,26562,-0.0036152799081556886
2025-10-22,3853.2245596932044,3879.3052478996337,3845.7700657100745,3854.2261004580037,65514,-0.007255630495902721
2025-10-23,3821.056779485756,3832.2388635755046,3802.655113890792,3823.0935169875256,84219,-0.00807751871816198
2025-10-24,3826.4338901468727,3841.6006027551634,3821.3875729804536,3835.2137160144384,42634,0.0031702596269376215
2025-10-27,3801.3363254241144,3829.039880031258,3789.942005022313,3809.605128964513,10060,-0.006677225559293731
2025-10-28,3842.436223685185,3853.237430046988,3835.1210847550133,3844.7010126042,19269,0.00921247280271964
2025-10-30,3806.7360795146874,3818.996026138271,3760.90439541856,3803.0624244465257,73143,-0.010830123856489515
2025-10-31,3846.127398074659,3847.424654018848,3819.926601800899,3836.9915518123266,33065,0.008921527858102074
2025-11-05,3833.1801116495753,3879.6809429623495,3830.248731836568,3841.2119011563786,12895,0.0010999110336999962
2025-11-06,3854.2045246085663,3871.086859954778,3821.504435546109,3839.277638918971,90859,-0.0005035552026757539
2025-11-12,3825.6680211723665,3859.370881921344,3802.2168906810493,3828.379257182792,22352,-0.0028386542368548096
2025-11-18,3836.148306526349,3857.956627827417,3824.0095826656393,3836.3619794698334,59737,0.002085144065093303
2025-11-19,3828.1371686298585,3856.8372165111687,3827.647497025371,3835.6092854213366,42016,-0.00019619995519837286
2025-11-20,3835.053956328441,3885.6405888367194,3835.053956328441,3857.675323061667,71304,0.005752941970445402
2025-11-21,3868.800329998518,3881.335428910005,3840.715460761927,3859.9598760349077,21962,0.0005922097589663444
2025-11-25,3870.3343502350695,3898.7245496323962,3834.231218860599,3862.9659112641452,43302,0.0007787736986337723
2025-11-26,3852.8803914486857,3883.1445631447564,3821.9669589057485,3855.693667019868,95382,-0.0018825545995816428
2025-11-27,3855.2246617176957,3877.9048109657324,3844.7925458192058,3854.554754545447,14011,-0.00029538458518185706
2025-11-28,3865.8701821003287,3886.0640192601577,3854.790734978222,3860.710789923288,29782,0.0015970807965774991
2025-12-01,3810.88196350129,3836.937328286668,3803.41513457028,3826.5074220701554,77691,-0.008859344746155462
2025-12-02,3794.253186854578,3815.5732391328315,3771.0885767226923,3799.543713628041,49725,-0.00704655851092717
2025-12-03,3822.351642304714,3826.2207798365052,3796.10065903466,3814.4089955084955,19196,0.003912386065499485
2025-12-04,3805.2834100393616,3830.640222689617,3774.0019555417794,3817.826304271054,53459,0.0008958946894741526
2025-12-09,3817.0822168656673,3845.6760801102228,3791.580176000406,3814.146637544001,97245,-0.0009638119793288213
2025-12-16,3801.955158224944,3840.4616703377374,3801.955158224944,3814.5153162053084,88863,9.666085138904101e-05
2025-12-17,3826.131250136877,3849.8587501610973,3811.8380318620307,3821.466950312542,42769,0.001822416095093482
2025-12-19,3810.31534188338,3820.259571587715,3792.741965951839,3810.6717567063547,34700,-0.0028248821058898255
2025-12-22,3785.792309447356,3800.9752011945857,3785.792309447356,3795.1056621983084,90356,-0.004084868889757232
2025-12-23,3810.6699608448334,3834.6447173513766,3776.563345491188,3799.022567300262,86427,0.0010320938204615437
2025-12-24,3772.109195979981,3794.740206868318,3756.82696116949,3779.4551117479614,15269,-0.005150655255571679
2025-12-25,3779.517642492107,3804.0613156965337,3768.197459611339,3787.6201668622507,53880,0.002160378909888072
2025-12-26,3755.574186749803,3759.81231511748,3730.2430127662196,3753.568494777494,18320,-0.008990255248578882
2025-12-29,3785.6379810182943,3801.638674721417,3742.042751501897,3774.151607524007,59589,0.005483611868319693
2025-12-30,3773.445338982484,3795.2851017918665,3755.199582988336,3783.6035571722678,86276,0.0025043905574482217
2025-12-31,3789.3409503570247,3805.016270376417,3781.0382219135895,3788.724151858545,45897,0.0013533644867658179
2026-01-01,3812.6661365407617,3833.771258311298,3801.786014289935,3808.377971537456,68565,0.005187450680269157
2026-01-02,3847.158503444192,3847.158503444192,3825.606305004389,3841.6874604267073,40930,0.008746371588690849
2026-01-05,3863.739277279842,3870.4619468851265,3839.740800321945,3861.9748617270698,67233,0.005280856787373667
2026-01-07,3821.4870987096037,3834.663535541256,3819.556747517155,3825.157377100437,92821,-0.00953333098863518
2026-01-09,3791.289935559236,3811.95637634239,3751.518166873539,3799.565837765723,24380,-0.006690323249945118
2026-01-13,3787.930905042273,3794.698918125243,3764.5403533017507,3787.0694662118094,86896,-0.003288894596773617
2026-01-14,3776.86989709617,3809.112230644856,3751.3614227671887,3787.591287216026,80934,0.00013779018549109345
2026-01-16,3768.7309627904624,3811.6797523701725,3762.8760710568286,3797.9444676254084,65830,0.0027334470971898117
2026-01-19,3787.7951894039156,3820.5611333771126,3771.82718948301,3783.429591362339,15529,-0.0038217715890259685
2026-01-20,3796.2042750627425,3827.1566047359893,3777.9315870132573,3787.1649266518807,92987,0.0009872881731616268
2026-01-21,3754.502589883124,3804.686349578624,3754.502589883124,3772.057268004814,59178,-0.003989173679959879
2026-01-22,3749.7296048978756,3790.6721658470874,3749.0661344665336,3759.826911944975,16937,-0.003242356939694102
2026-01-23,3737.8852326180627,3750.4878461129147,3698.32306310505,3731.693690008011,49886,-0.0074825843305671436
2026-01-26,3728.2885204968197,3728.2885204968197,3658.4728519550913,3713.2290250857927,59699,-0.0049480655316537225
2026-01-27,3686.4032700502203,3696.4650772800874,3655.6560252517024,3686.195332973466,86396,-0.00728037293948014
2026-01-28,3659.397838501628,3677.562350494189,3654.917398291885,3666.6778679139193,35279,-0.005294745203804241
2026-01-29,3685.921739435028,3697.438859852403,3658.610270888932,3687.7507038460762,48106,0.005747119515613797
2026-01-30,3682.511490260919,3689.4380393811653,3642.2564782084523,3668.762726069437,89737,-0.005148932045985655
2026-02-02,3714.95072557494,3740.2211884125104,3682.8825068220212,3721.4103673661853,50544,0.01435024427244791
2026-02-03,3723.2848053173,3754.600563693428,3707.366587784948,3731.276725383803,18997,0.0026512416110133774
2026-02-04,3730.1460126358797,3756.609892022309,3706.906437645781,3734.9734478577,95711,0.0009907392954129346
2026-02-05,3708.273006171489,3724.1498580550633,3690.060001406782,3717.806292254076,50860,-0.00459632600961879
2026-02-06,3733.039193002204,3751.127689624471,3720.0414323165373,3731.8124898422557,13225,0.0037673284962052023
2026-02-09,3736.546517902196,3738.940774631753,3696.5412217867724,3720.2997333175003,69470,-0.0030850308144078076
2026-02-10,3725.970722341568,3757.484852717126,3713.407430102315,3722.7399296104077,73656,0.000655913896145055
2026-02-11,3771.4180853545204,3790.542685203184,3748.4265667029777,3773.9416203757833,61880,0.013753765165844811
2026-02-12,3769.1023096921353,3781.808512391998,3745.0039944128384,3772.0204223812907,71078,-0.0005090693465208407
2026-02-13,3779.3739808200376,3809.9995911130627,3768.7784696095414,3795.005888907004,98646,0.006093674994262832
2026-02-16,3789.773458175958,3795.382405822872,3765.3022364280478,3780.9423604044864,86290,-0.0037057988615053494
2026-02-18,3779.464218624419,3786.7616959528686,3768.0093693696067,3780.242590594547,66633,-0.00018507814804791245
2026-02-20,3813.853804171351,3835.512251674452,3775.43484080991,3815.658603307257,36655,0.00936871427268371
2026-02-24,3817.764241205115,3817.764241205115,3798.1129886992667,3803.119262151502,53601,-0.003286284874880252
2026-02-25,3842.355762395097,3869.121481757986,3810.7307508030244,3839.3682333114402,13114,0.00953137902370993
2026-02-26,3846.005361519598,3875.9063933083353,3839.5337937639038,3853.52327202055,36502,0.0036868145613897507
2026-03-02,3838.0103605406093,3865.0197532479992,3795.5529955119223,3842.2739365026646,59768,-0.002919233834544066
2026-03-03,3866.4065483757427,3875.1878133673467,3829.626901420058,3854.922091283775,58128,0.0032918409749365107
2026-03-04,3875.5058843816873,3880.1319369852617,3862.1439249424297,3874.3731802763095,30028,0.0050457800526020335
2026-03-05,3873.4804587586245,3905.475959376875,3873.4804587586245,3886.8093795206537,65565,0.003209860967357203
2026-03-06,3864.591161514432,3864.591161514432,3849.3267881427296,3855.4048851228445,93123,-0.008079761915590011
2026-03-09,3834.180700750957,3867.3217025616673,3816.216069998801,3840.862141606347,45333,-0.0037720405378471877
2026-03-10,3854.6447466574923,3888.1892187877042,3808.4746117707077,3835.911768895317,13174,-0.0012888701881290654
2026-03-11,3845.2235809704625,3855.1428209660157,3783.0222858729708,3834.423100313316,45398,-0.0003880872845075656
2026-03-12,3842.363323307742,3879.4574343274053,3837.9139130838516,3846.8365422643296,45929,0.0032373688626066155
2026-03-16,3861.466934195092,3861.466934195092,3827.3091964882747,3850.390562282995,14321,0.0009238812150238473
2026-03-17,3824.3622302140666,3843.1149252113155,3787.704464607723,3823.6836751087926,65421,-0.006936150175468669
2026-03-18,3839.815368880134,3840.904959605807,3821.1281125044884,3831.287632128912,82635,0.001988646987097553
2026-03-19,3848.3466752075333,3877.5645603010094,3816.4218001682634,3843.4993470345885,33760,0.003187365731371905
2026-03-20,3846.2315894433004,3886.467271987674,3840.191801063301,3854.695155993209,21360,0.002912920739080782
2026-03-25,3871.2626936859247,3895.169142964934,3871.2626936859247,3876.3107705043017,20313,0.005607606733177173
2026-03-26,3903.288821771091,3910.1064300104576,3876.2037805594937,3892.9892135952796,95998,0.004302658914214996
2026-03-27,3898.825061858783,3941.5603733039943,3875.3295425254864,3902.1728151798484,15801,0.0023590102825092885
2026-03-30,3896.7330163182555,3945.619808014038,3879.074474424178,3900.7695009506756,24130,-0.00035962380336251876
2026-03-31,3857.999056486862,3887.8834140360227,3844.274849852644,3867.5502822803555,24271,-0.008516068089187034
2026-04-02,3880.378637318942,3892.1337893811788,3840.2280509291927,3876.1426466630073,26075,0.00222165550685105
2026-04-10,3900.921649598701,3902.488158145866,3843.499620842656,3880.2964004062696,28984,0.0010716204541230123
2026-04-15,3875.0526480076346,3898.4705901459674,3869.246552732297,3885.727977150177,98095,0.001399783981280045
2026-04-16,3860.4352002004985,3866.101229992416,3827.201112730855,3860.193005633771,70942,-0.00657147686780013
2026-04-17,3844.0796432364536,3844.0796432364536,3806.729319855903,3838.5718748256054,22861,-0.005601049164280281
2026-04-20,3858.8385179798065,3903.0283950162166,3827.318448783955,3859.6349318922635,92203,0.005487211846883833
2026-04-21,3863.367546777628,3864.1205837370153,3850.8644426197848,3858.8438288151306,81376,-0.0002049683690538151
2026-04-23,3861.8499074811143,3891.2683982438666,3857.4181542246793,3872.473842762583,71247,0.0035321496676472552
2026-04-27,3877.3232812572687,3887.9026667331877,3832.112993826653,3873.040210285192,79101,0.00014625470580464928
2026-04-28,3871.7638904250616,3907.5079731444835,3854.5137547988047,3873.635333075107,30977,0.00015365778757847615
2026-04-29,3902.2583091514257,3922.531147080212,3882.5473836583865,3892.401009194627,60617,0.00484446121174309
2026-04-30,3893.9539751459274,3903.344218365239,3856.5527304769616,3882.0801146302797,67473,-0.0026515496579019304
2026-05-01,3894.5817887757357,3894.5817887757357,3854.4025187147163,3884.0025301690994,96654,0.0004952024383975129
2026-05-06,3880.5533561271345,3885.3522277649154,3850.4629158799844,3874.7570243949986,98177,-0.00238040673307649
2026-05-07,3869.325063012174,3886.8745377673863,3828.4977287509055,3866.067099846352,82902,-0.002242701798831681
2026-05-12,3861.827500392753,3871.6846832683573,3849.1959643848495,3859.8836573769795,25630,-0.0015994141616472168
2026-05-13,3860.7946698815467,3880.7385927540445,3827.5146913572967,3864.3263328096536,30056,0.0011509868760379849
2026-05-14,3858.136198811001,3879.1150535870415,3836.172734575199,3854.751360376384,17382,-0.0024777856755974215
2026-05-15,3876.912468786464,3891.492650551521,3872.1265730990053,3879.8664828878545,65739,0.006515367701697361
2026-05-19,3863.6589466061605,3879.219071533619,3846.5864094069416,3861.9743368434642,91685,-0.004611536536966776
2026-05-21,3871.412879316317,3884.939914491393,3846.4187464133156,3858.236903960237,58639,-0.0009677518691856291
2026-05-25,3839.3768571419573,3870.9504933943326,3835.875948947249,3849.4422827947537,69838,-0.0022794404243182687
2026-05-26,3889.780626093119,3942.363728988003,3871.8387105574743,3878.3818404818285,56041,0.007517857279331519
2026-06-01,3895.4840866854584,3912.2065276267954,3865.4367078506857,3882.3129360120597,10992,0.0010135916709383963
2026-06-04,3901.7691415315217,3934.971314125593,3894.63719859508,3902.9498268014327,82394,0.0053156175531206
2026-06-08,3866.6670787463104,3904.6877784755648,3866.6670787463104,3873.2386193406933,77657,-0.007612500487890861
2026-06-09,3872.501404787134,3893.216945892448,3831.0049427697822,3878.5796246580785,37160,0.001378950754729047
2026-06-11,3909.342186036158,3912.3175365181064,3882.2088782747733,3896.372240570547,55156,0.004587405090088037
2026-06-12,3897.7892397330666,3913.995597062403,3873.4234958617194,3898.0179203560556,61375,0.00042236205472701016
2026-06-15,3909.3345055344134,3929.4266437284364,3891.2608797932476,3919.3275278573624,96442,0.005466780280825478
2026-06-16,3903.934009643073,3916.490844055413,3870.234871913141,3908.981758855355,29572,-0.002639679620667801
2026-06-17,3945.5749079241127,3948.726298142254,3896.2908577017092,3937.168707659067,14136,0.007210816151765664
2026-06-19,3988.6140058134656,3989.864530257318,3951.037720069206,3983.1466701314516,71868,0.011677925404350198
2026-06-22,3973.5005779309618,4025.2759063776093,3956.709479770049,3975.8898989226586,92263,-0.0018218689417613954
2026-06-23,3963.3116043764962,3976.575841106147,3922.914665744112,3966.979848494643,42167,-0.0022410204141793955
2026-06-25,3992.129956546559,4018.0756667222036,3980.529944519093,3996.047538036997,25479,0.007327410436275494
2026-06-26,4019.0839788262506,4036.1432093297817,4019.0839788262506,4027.6389809516113,41376,0.007905672446062217
2026-06-29,4033.33553730324,4081.886960460614,4004.172152678419,4017.181780408546,14823,-0.0025963599499662093
2026-07-02,4005.5548393745153,4021.127677376115,4001.156740342312,4008.778044066629,80456,-0.0020919482366721365
2026-07-03,4014.4129456128667,4014.4129456128667,3996.593482674899,4003.142351889419,29585,-0.0014058379175048152
2026-07-06,3991.4665021879578,3999.6893717082785,3947.3474663967486,3976.2533416687334,27272,-0.006716975779788248
2026-07-14,3967.863411720529,3972.534060483233,3923.8617517734647,3957.880302739049,36619,-0.004620691226372764
2026-07-16,3933.4812842768274,3951.1993772130445,3896.65355453125,3937.797487404008,85069,-0.005074134081604953
2026-07-17,3926.4788370052916,3939.578547966239,3883.7883622194718,3922.4415361019255,49895,-0.003899629514011793
2026-07-20,3921.5058822902806,3967.8787096507804,3896.267266536462,3921.7478383541898,13720,-0.00017685355953711568
2026-07-23,3917.3951143976187,3954.0499017114385,3915.83592615738,3926.43213300492,29267,0.0011944405514598966
2026-07-27,3960.6857356784176,3971.914784397431,3933.151386962998,3957.442142861202,25696,0.007897757762223012
2026-07-29,3925.684664134828,3961.002684646057,3922.3557509773086,3937.475062046426,39968,-0.005045451100477716
2026-07-30,3969.0383039005733,3973.2717629428025,3937.5960659678253,3957.1615100159574,63364,0.004999764483409663
2026-07-31,3948.235560158463,3976.255463361169,3904.580611775315,3952.881733131447,33345,-0.0010815269666597516
2026-08-04,3953.904055497127,3965.2397952105002,3923.081487051527,3951.8924589383987,61567,-0.0002502665801399351
2026-08-05,3968.221727497192,3976.290647066489,3956.1373681690866,3965.3888487817308,71607,0.0034151713346364243
2026-08-07,3940.345358613444,3967.4507427373787,3917.39468308409,3942.934408350485,29385,-0.005662607448483792
2026-08-10,3956.449541288918,3973.951692153014,3923.4645947870195,3950.5826032741656,93658,0.001939721570686892
2026-08-12,3949.1626108722016,3983.8259949673543,3937.632697677262,3953.911647438427,76900,0.0008426717015110885
2026-08-17,3969.859354938587,3969.859354938587,3942.4363278277506,3963.76067271859,78244,0.0024909573501834537
2026-08-19,3962.9811843373536,3988.73564269173,3962.9811843373536,3969.5440455967464,75425,0.0014590620765682072
